{"id":"3149C044-E853-4093-ABE2-DDE2BB64E39A","validationEntity":{"analysedDataType":"auto","dataResult":{}},"modelEntity":{"modelURL":"Models\/BadmintonActivityClassifier%201-%20190%20vs%209%20-1.mlmodel"},"version":"1.0","settingEntity":{"augmentations":[],"suggestedColumns":["Accelerometer X","Accelerometer Y","Accelerometer Z","Gyroscope X","Gyroscope Y","Gyroscope Z"],"seedType":"default","transferLearningEmbeddingType":"dynamic","featureNames":["Accelerometer X","Accelerometer Y","Accelerometer Z","Gyroscope X","Gyroscope Y","Gyroscope Z"],"algorithmType":"maxEnt","suggestedColumnValues":["-0,08, -0,08, -0,09, -0,12, -0,15…","-0,08, -0,10, -0,17, -0,17, -0,13…","0,00, -0,01, 0,00, -0,03, -0,05…","-0,34, -0,35, -0,48, -0,53, -0,46…","0,01, -0,04, -0,05, -0,06, -0,07…","-0,03, -0,05, -0,08, -0,14, -0,23…"],"generalClassifierType":{"auto":{}},"suggestedColumnTypes":["Double","Double","Double","Double","Double","Double"],"generalRegressorType":{"auto":{}},"sampleRate":75,"predictionWindowSize":12,"iterationCount":30,"batchSize":64},"state":"trained","trainingEntity":{"finishTime":617550050.06555498,"recipeTrainingResults":{"activityClassifier":{"confusionMatrix":[{"expected":"lob_betul","actual":"lob_betul","count":16705},{"expected":"lob_betul","actual":"lob_salah","count":2721},{"expected":"lob_salah","actual":"lob_salah","count":10489}],"statsByLabel":{"lob_salah":{"count":13210,"precisionRecall":{"success":{"recall":0.79401968205904616,"precision":1}}},"lob_betul":{"count":16705,"precisionRecall":{"success":{"recall":1,"precision":0.85992999073406773}}}},"accuracy":0.90904228647835539}},"dataResult":{"itemsCount":383,"columns":["Accelerometer X","Accelerometer Y","Accelerometer Z","Gyroscope X","Gyroscope Y","Gyroscope Z"],"dataURL":"file:\/\/\/Users\/ekirifaldi\/Documents\/Apple%20Academy%20Project\/MC3\/CreateML\/train\/","columnTypes":["Double","Double","Double","Double","Double","Double"],"classesCount":2,"dataSourceID":"D2A65C33-6947-46CF-84EB-6B59E9DAE856","analysis":{"summary":{"sampleCount":383,"classCount":2,"canUseValidation":1},"issues":[{"description":"2 classes found, including lob_betul, lob_salah","severity":"info"},{"description":"383 activity recording files found, automatically creating validation set","severity":"good"},{"description":"Smallest class is \"lob_salah\" with 191 activity recording files","severity":"warning"},{"description":"Largest class is \"lob_betul\" with 192 activity recording files","severity":"info"},{"description":"6 feature columns are selected","severity":"good"}],"classifierAnalysis":{"columns":[],"vizualizerSpec":"","labelStats":{"lob_salah":191,"lob_betul":192}}},"columnValues":["-0,08, -0,08, -0,09, -0,12, -0,15…","-0,08, -0,10, -0,17, -0,17, -0,13…","0,00, -0,01, 0,00, -0,03, -0,05…","-0,34, -0,35, -0,48, -0,53, -0,46…","0,01, -0,04, -0,05, -0,06, -0,07…","-0,03, -0,05, -0,08, -0,14, -0,23…"]},"analysedDataType":"choose","recipeValidationResults":{"activityClassifier":{"confusionMatrix":[{"expected":"lob_betul","actual":"lob_betul","count":431},{"expected":"lob_betul","actual":"lob_salah","count":180},{"expected":"lob_salah","actual":"lob_salah","count":644}],"statsByLabel":{"lob_salah":{"count":824,"precisionRecall":{"success":{"recall":0.78155339805825241,"precision":1}}},"lob_betul":{"count":431,"precisionRecall":{"success":{"recall":1,"precision":0.70540098199672663}}}},"accuracy":0.85657370517928288}},"validationAccuracy":0.85657370517928288,"startTime":617550029.07254303,"progress":[{"isLast":false,"currentRowIndex":0,"count":1,"tableDone":false,"acColumnHeader":{"hasValidation":true,"elapsedTime":0.40962100000000001,"trainingAccuracy":0.40996155142784119,"iterationCount":1,"validationAccuracy":0.70517927408218384},"tableIndex":0,"percentComplete":100},{"isLast":false,"currentRowIndex":1,"count":2,"tableDone":false,"acColumnHeader":{"hasValidation":true,"elapsedTime":0.644482,"trainingAccuracy":0.65993648767471313,"iterationCount":2,"validationAccuracy":0.4613545835018158},"tableIndex":0,"percentComplete":200},{"isLast":false,"currentRowIndex":2,"count":3,"tableDone":false,"acColumnHeader":{"hasValidation":true,"elapsedTime":0.87759699999999996,"trainingAccuracy":0.63957881927490234,"iterationCount":3,"validationAccuracy":0.63346612453460693},"tableIndex":0,"percentComplete":300},{"isLast":false,"currentRowIndex":3,"count":4,"tableDone":false,"acColumnHeader":{"hasValidation":true,"elapsedTime":1.1130100000000001,"trainingAccuracy":0.66454952955245972,"iterationCount":4,"validationAccuracy":0.88764941692352295},"tableIndex":0,"percentComplete":400},{"isLast":false,"currentRowIndex":4,"count":5,"tableDone":false,"acColumnHeader":{"hasValidation":true,"elapsedTime":1.3462080000000001,"trainingAccuracy":0.75076049566268921,"iterationCount":5,"validationAccuracy":0.87808763980865479},"tableIndex":0,"percentComplete":500},{"isLast":false,"currentRowIndex":5,"count":6,"tableDone":false,"acColumnHeader":{"hasValidation":true,"elapsedTime":1.5808789999999999,"trainingAccuracy":0.7952197790145874,"iterationCount":6,"validationAccuracy":0.88764941692352295},"tableIndex":0,"percentComplete":600},{"isLast":false,"currentRowIndex":6,"count":11,"tableDone":false,"acColumnHeader":{"hasValidation":true,"elapsedTime":2.7429519999999998,"trainingAccuracy":0.97860604524612427,"iterationCount":11,"validationAccuracy":0.8948206901550293},"tableIndex":0,"percentComplete":1100},{"isLast":false,"currentRowIndex":7,"count":26,"tableDone":false,"acColumnHeader":{"hasValidation":true,"elapsedTime":6.238181,"trainingAccuracy":0.99478524923324585,"iterationCount":26,"validationAccuracy":0.87569719552993774},"tableIndex":0,"percentComplete":2600},{"isLast":false,"currentRowIndex":8,"count":30,"tableDone":false,"acColumnHeader":{"hasValidation":true,"elapsedTime":7.1589830000000001,"trainingAccuracy":0.99518638849258423,"iterationCount":30,"validationAccuracy":0.85657370090484619},"tableIndex":0,"percentComplete":3000},{"isLast":true,"currentRowIndex":8,"count":30,"tableDone":true,"acColumnHeader":{"hasValidation":true,"elapsedTime":7.1589830000000001,"trainingAccuracy":0.99518638849258423,"iterationCount":30,"validationAccuracy":0.85657370090484619},"tableIndex":0,"percentComplete":3000}],"trainingAccuracy":0.90904228647835539},"createdDate":"2020-07-27 21:40:09","transientEvaluationState":"none","evaluationState":"evaluated","title":"BadmintonActivityClassifier 1 copy","evaluationEntity":{"finishTime":617550054.84734702,"result":{"activityClassifier":{"statsByLabel":{"lob_salah":{"count":52,"precisionRecall":{"success":{"recall":0.80769230769230771,"precision":1}}},"lob_betul":{"count":64,"precisionRecall":{"success":{"recall":1,"precision":0.86486486486486491}}}},"accuracy":0.91379310344827591}},"dataResult":{"itemsCount":18,"columns":["Accelerometer X","Accelerometer Y","Accelerometer Z","Gyroscope X","Gyroscope Y","Gyroscope Z"],"dataURL":"file:\/\/\/Users\/ekirifaldi\/Documents\/Apple%20Academy%20Project\/MC3\/CreateML\/test\/","columnTypes":["Double","Double","Double","Double","Double","Double"],"classesCount":2,"dataSourceID":"53E4F186-18ED-4772-B99D-A721782F81ED","analysis":{"summary":{"sampleCount":18,"classCount":2,"canUseValidation":0},"issues":[{"description":"2 classes found, including lob_betul, lob_salah","severity":"info"},{"description":"Less than 100 total activity recording files found - add more to improve model validation","severity":"warning"},{"description":"Smallest class is \"lob_salah\" with 9 activity recording files","severity":"warning"},{"description":"Largest class is \"lob_betul\" with 9 activity recording files","severity":"info"},{"description":"6 feature columns are selected","severity":"good"}],"classifierAnalysis":{"columns":[],"vizualizerSpec":"","labelStats":{"lob_salah":9,"lob_betul":9}}},"columnValues":["-0,05, -0,06, -0,08, -0,13, -0,17…","-0,02, -0,02, -0,04, -0,08, -0,09…","0,04, 0,03, 0,03, 0,05, 0,06…","-0,05, 0,01, 0,02, -0,10, -0,30…","-0,20, -0,17, -0,20, -0,17, -0,23…","0,07, 0,06, 0,05, 0,05, 0,06…"]},"analysedDataType":"none","accuracy":0.91379310344827591,"startTime":617550052.22053599,"trainedEvaluationURL":"file:\/\/\/Users\/ekirifaldi\/Documents\/Apple%20Academy%20Project\/MC3\/CreateML\/test\/","trainedEvaluationItemCount":18},"modifiedDate":"2020-08-13 12:25:04","transientState":"none","preferredFilename":"BadmintonActivityClassifier 1- 190 vs 9 -1"}