{"id":"548CE669-9FBB-4BE6-A8C1-CB3DE8886C22","validationEntity":{"analysedDataType":"auto","dataResult":{}},"modelEntity":{"modelURL":"Models\/BadmintonActivityClassifier%201-%2030%20pws%20100%20max%20It.mlmodel"},"version":"1.0","settingEntity":{"augmentations":[],"suggestedColumns":["Accelerometer X","Accelerometer Y","Accelerometer Z","Gyroscope X","Gyroscope Y","Gyroscope Z"],"seedType":"default","transferLearningEmbeddingType":"dynamic","featureNames":["Accelerometer X","Accelerometer Y","Accelerometer Z","Gyroscope X","Gyroscope Y","Gyroscope Z"],"algorithmType":"maxEnt","suggestedColumnValues":["-0,03, -0,03, -0,03, -0,03, -0,04…","-0,01, -0,00, 0,01, 0,03, 0,04…","-0,02, -0,03, -0,05, -0,07, -0,12…","-0,01, 0,01, 0,08, 0,17, 0,31…","-0,07, -0,07, -0,07, -0,06, -0,06…","-0,22, -0,23, -0,24, -0,26, -0,29…"],"generalClassifierType":{"auto":{}},"suggestedColumnTypes":["Double","Double","Double","Double","Double","Double"],"generalRegressorType":{"auto":{}},"sampleRate":30,"predictionWindowSize":80,"iterationCount":100,"batchSize":64},"state":"trained","trainingEntity":{"finishTime":618830152.762339,"recipeTrainingResults":{"activityClassifier":{"confusionMatrix":[{"expected":"lob_betul","actual":"lob_betul","count":26142},{"expected":"lob_betul","actual":"lob_salah","count":94},{"expected":"lob_salah","actual":"lob_salah","count":20735}],"statsByLabel":{"lob_salah":{"count":20829,"precisionRecall":{"success":{"recall":0.9954870613087522,"precision":1}}},"lob_betul":{"count":26142,"precisionRecall":{"success":{"recall":1,"precision":0.99641713675865229}}}},"accuracy":0.9979987651955462}},"dataResult":{"itemsCount":600,"columns":["Accelerometer X","Accelerometer Y","Accelerometer Z","Gyroscope X","Gyroscope Y","Gyroscope Z"],"dataURL":"file:\/\/\/Users\/ekirifaldi\/Documents\/Apple%20Academy%20Project\/MC3\/CreateML\/train\/","columnTypes":["Double","Double","Double","Double","Double","Double"],"classesCount":2,"dataSourceID":"D2A65C33-6947-46CF-84EB-6B59E9DAE856","analysis":{"summary":{"canUseValidation":1,"classCount":2,"sampleCount":600},"issues":[{"description":"2 classes found, including lob_betul, lob_salah","severity":"info"},{"description":"600 activity recording files found, automatically creating validation set","severity":"good"},{"description":"Smallest class is \"lob_salah\" with 300 activity recording files","severity":"warning"},{"description":"Largest class is \"lob_betul\" with 300 activity recording files","severity":"info"},{"description":"6 feature columns are selected","severity":"good"}],"classifierAnalysis":{"columns":[],"vizualizerSpec":"","labelStats":{"lob_salah":300,"lob_betul":300}}},"columnValues":["-0,03, -0,03, -0,03, -0,03, -0,04…","-0,01, -0,00, 0,01, 0,03, 0,04…","-0,02, -0,03, -0,05, -0,07, -0,12…","-0,01, 0,01, 0,08, 0,17, 0,31…","-0,07, -0,07, -0,07, -0,06, -0,06…","-0,22, -0,23, -0,24, -0,26, -0,29…"]},"analysedDataType":"choose","recipeValidationResults":{"activityClassifier":{"confusionMatrix":[{"expected":"lob_betul","actual":"lob_betul","count":1526},{"expected":"lob_betul","actual":"lob_salah","count":85},{"expected":"lob_salah","actual":"lob_salah","count":1189}],"statsByLabel":{"lob_salah":{"count":1274,"precisionRecall":{"success":{"recall":0.93328100470957609,"precision":1}}},"lob_betul":{"count":1526,"precisionRecall":{"success":{"recall":1,"precision":0.94723774053382992}}}},"accuracy":0.96964285714285714}},"validationAccuracy":0.96964285714285714,"startTime":618830059.77287197,"progress":[{"isLast":false,"currentRowIndex":0,"count":1,"tableDone":false,"acColumnHeader":{"hasValidation":true,"elapsedTime":0.94958799999999999,"trainingAccuracy":0.45985820889472961,"iterationCount":1,"validationAccuracy":0.84821426868438721},"tableIndex":0,"percentComplete":100},{"isLast":false,"currentRowIndex":1,"count":2,"tableDone":false,"acColumnHeader":{"hasValidation":true,"elapsedTime":1.6711640000000001,"trainingAccuracy":0.76230013370513916,"iterationCount":2,"validationAccuracy":0.74785715341567993},"tableIndex":0,"percentComplete":200},{"isLast":false,"currentRowIndex":2,"count":3,"tableDone":false,"acColumnHeader":{"hasValidation":true,"elapsedTime":2.377688,"trainingAccuracy":0.73028039932250977,"iterationCount":3,"validationAccuracy":0.91321426630020142},"tableIndex":0,"percentComplete":300},{"isLast":false,"currentRowIndex":3,"count":4,"tableDone":false,"acColumnHeader":{"hasValidation":true,"elapsedTime":3.0729950000000001,"trainingAccuracy":0.85046094655990601,"iterationCount":4,"validationAccuracy":0.93857145309448242},"tableIndex":0,"percentComplete":400},{"isLast":false,"currentRowIndex":4,"count":5,"tableDone":false,"acColumnHeader":{"hasValidation":true,"elapsedTime":3.7706490000000001,"trainingAccuracy":0.91918414831161499,"iterationCount":5,"validationAccuracy":0.94107145071029663},"tableIndex":0,"percentComplete":500},{"isLast":false,"currentRowIndex":5,"count":6,"tableDone":false,"acColumnHeader":{"hasValidation":true,"elapsedTime":4.4688970000000001,"trainingAccuracy":0.94428479671478271,"iterationCount":6,"validationAccuracy":0.96964287757873535},"tableIndex":0,"percentComplete":600},{"isLast":false,"currentRowIndex":6,"count":11,"tableDone":false,"acColumnHeader":{"hasValidation":true,"elapsedTime":7.9663620000000002,"trainingAccuracy":0.99457108974456787,"iterationCount":11,"validationAccuracy":0.96964287757873535},"tableIndex":0,"percentComplete":1100},{"isLast":false,"currentRowIndex":7,"count":16,"tableDone":false,"acColumnHeader":{"hasValidation":true,"elapsedTime":11.43932,"trainingAccuracy":0.9965936541557312,"iterationCount":16,"validationAccuracy":0.96964287757873535},"tableIndex":0,"percentComplete":1600},{"isLast":false,"currentRowIndex":8,"count":21,"tableDone":false,"acColumnHeader":{"hasValidation":true,"elapsedTime":14.935402,"trainingAccuracy":0.99799877405166626,"iterationCount":21,"validationAccuracy":0.96964287757873535},"tableIndex":0,"percentComplete":2100},{"isLast":false,"currentRowIndex":9,"count":26,"tableDone":false,"acColumnHeader":{"hasValidation":true,"elapsedTime":18.411573000000001,"trainingAccuracy":0.99829679727554321,"iterationCount":26,"validationAccuracy":0.96964287757873535},"tableIndex":0,"percentComplete":2600},{"isLast":false,"currentRowIndex":10,"count":31,"tableDone":false,"acColumnHeader":{"hasValidation":true,"elapsedTime":21.891283999999999,"trainingAccuracy":0.99829679727554321,"iterationCount":31,"validationAccuracy":0.96964287757873535},"tableIndex":0,"percentComplete":3100},{"isLast":false,"currentRowIndex":11,"count":36,"tableDone":false,"acColumnHeader":{"hasValidation":true,"elapsedTime":25.371784999999999,"trainingAccuracy":0.9965936541557312,"iterationCount":36,"validationAccuracy":0.96964287757873535},"tableIndex":0,"percentComplete":3600},{"isLast":false,"currentRowIndex":12,"count":41,"tableDone":false,"acColumnHeader":{"hasValidation":true,"elapsedTime":28.867601000000001,"trainingAccuracy":1,"iterationCount":41,"validationAccuracy":0.96964287757873535},"tableIndex":0,"percentComplete":4100},{"isLast":false,"currentRowIndex":13,"count":46,"tableDone":false,"acColumnHeader":{"hasValidation":true,"elapsedTime":32.340913,"trainingAccuracy":1,"iterationCount":46,"validationAccuracy":0.96964287757873535},"tableIndex":0,"percentComplete":4600},{"isLast":false,"currentRowIndex":14,"count":51,"tableDone":false,"acColumnHeader":{"hasValidation":true,"elapsedTime":35.820382000000002,"trainingAccuracy":1,"iterationCount":51,"validationAccuracy":0.96964287757873535},"tableIndex":0,"percentComplete":5100},{"isLast":false,"currentRowIndex":15,"count":56,"tableDone":false,"acColumnHeader":{"hasValidation":true,"elapsedTime":39.309449999999998,"trainingAccuracy":1,"iterationCount":56,"validationAccuracy":0.96964287757873535},"tableIndex":0,"percentComplete":5600},{"isLast":false,"currentRowIndex":16,"count":61,"tableDone":false,"acColumnHeader":{"hasValidation":true,"elapsedTime":42.787305000000003,"trainingAccuracy":1,"iterationCount":61,"validationAccuracy":0.96964287757873535},"tableIndex":0,"percentComplete":6100},{"isLast":false,"currentRowIndex":17,"count":66,"tableDone":false,"acColumnHeader":{"hasValidation":true,"elapsedTime":46.283670000000001,"trainingAccuracy":1,"iterationCount":66,"validationAccuracy":0.96964287757873535},"tableIndex":0,"percentComplete":6600},{"isLast":false,"currentRowIndex":18,"count":71,"tableDone":false,"acColumnHeader":{"hasValidation":true,"elapsedTime":49.757407999999998,"trainingAccuracy":1,"iterationCount":71,"validationAccuracy":0.96964287757873535},"tableIndex":0,"percentComplete":7100},{"isLast":false,"currentRowIndex":19,"count":76,"tableDone":false,"acColumnHeader":{"hasValidation":true,"elapsedTime":53.231920000000002,"trainingAccuracy":1,"iterationCount":76,"validationAccuracy":0.96964287757873535},"tableIndex":0,"percentComplete":7600},{"isLast":false,"currentRowIndex":20,"count":81,"tableDone":false,"acColumnHeader":{"hasValidation":true,"elapsedTime":56.724462000000003,"trainingAccuracy":1,"iterationCount":81,"validationAccuracy":0.96964287757873535},"tableIndex":0,"percentComplete":8100},{"isLast":false,"currentRowIndex":21,"count":86,"tableDone":false,"acColumnHeader":{"hasValidation":true,"elapsedTime":60.209688,"trainingAccuracy":1,"iterationCount":86,"validationAccuracy":0.96964287757873535},"tableIndex":0,"percentComplete":8600},{"isLast":false,"currentRowIndex":22,"count":91,"tableDone":false,"acColumnHeader":{"hasValidation":true,"elapsedTime":63.687854999999999,"trainingAccuracy":1,"iterationCount":91,"validationAccuracy":0.96964287757873535},"tableIndex":0,"percentComplete":9100},{"isLast":false,"currentRowIndex":23,"count":96,"tableDone":false,"acColumnHeader":{"hasValidation":true,"elapsedTime":67.145880000000005,"trainingAccuracy":1,"iterationCount":96,"validationAccuracy":0.96964287757873535},"tableIndex":0,"percentComplete":9600},{"isLast":false,"currentRowIndex":24,"count":100,"tableDone":false,"acColumnHeader":{"hasValidation":true,"elapsedTime":69.930169000000006,"trainingAccuracy":1,"iterationCount":100,"validationAccuracy":0.96964287757873535},"tableIndex":0,"percentComplete":10000},{"isLast":true,"currentRowIndex":24,"count":100,"tableDone":true,"acColumnHeader":{"hasValidation":true,"elapsedTime":69.930169000000006,"trainingAccuracy":1,"iterationCount":100,"validationAccuracy":0.96964287757873535},"tableIndex":0,"percentComplete":10000}],"trainingAccuracy":0.9979987651955462},"createdDate":"2020-08-11 17:13:47","transientEvaluationState":"none","evaluationState":"evaluated","title":"BadmintonActivityClassifier 1- 80 pws 100 max Itera copy","evaluationEntity":{"finishTime":618830156.87677002,"result":{"activityClassifier":{"statsByLabel":{"lob_salah":{"count":10,"precisionRecall":{"success":{"recall":1,"precision":1}}},"lob_betul":{"count":20,"precisionRecall":{"success":{"recall":1,"precision":1}}}},"accuracy":1}},"dataResult":{"itemsCount":20,"columns":["Accelerometer X","Accelerometer Y","Accelerometer Z","Gyroscope X","Gyroscope Y","Gyroscope Z"],"dataURL":"file:\/\/\/Users\/ekirifaldi\/Documents\/Apple%20Academy%20Project\/MC3\/CreateML\/test\/","columnTypes":["Double","Double","Double","Double","Double","Double"],"classesCount":2,"dataSourceID":"53E4F186-18ED-4772-B99D-A721782F81ED","analysis":{"summary":{"canUseValidation":0,"classCount":2,"sampleCount":20},"issues":[{"description":"2 classes found, including lob_salah, lob_betul","severity":"info"},{"description":"Less than 100 total activity recording files found - add more to improve model validation","severity":"warning"},{"description":"Smallest class is \"lob_betul\" with 10 activity recording files","severity":"warning"},{"description":"Largest class is \"lob_salah\" with 10 activity recording files","severity":"info"},{"description":"6 feature columns are selected","severity":"good"}],"classifierAnalysis":{"columns":[],"vizualizerSpec":"","labelStats":{"lob_salah":10,"lob_betul":10}}},"columnValues":["-0,19, -0,28, -0,34, -0,42, -0,45…","0,15, 0,14, 0,08, 0,04, 0,03…","-0,13, -0,21, -0,24, -0,20, -0,18…","-0,73, -0,74, -0,81, -0,96, -0,99…","-0,21, -0,11, 0,05, 0,32, 0,66…","0,25, 0,32, 0,34, 0,32, 0,24…"]},"analysedDataType":"none","accuracy":1,"startTime":618830154.845402,"trainedEvaluationURL":"file:\/\/\/Users\/ekirifaldi\/Documents\/Apple%20Academy%20Project\/MC3\/CreateML\/test\/","trainedEvaluationItemCount":20},"modifiedDate":"2020-08-11 17:15:56","transientState":"none","preferredFilename":"BadmintonActivityClassifier 1- 30 pws 100 max It"}