{"id":"3DCFCBE2-8C58-4DE0-A574-60D7EBE4E564","validationEntity":{"analysedDataType":"auto","dataResult":{}},"modelEntity":{"modelURL":"Models\/BadmintonActivityClassifier%201-%20190%20vs%209%20-2.mlmodel"},"version":"1.0","settingEntity":{"augmentations":[],"suggestedColumns":["Accelerometer X","Accelerometer Y","Accelerometer Z","Gyroscope X","Gyroscope Y","Gyroscope Z"],"seedType":"default","transferLearningEmbeddingType":"dynamic","featureNames":["Accelerometer X","Accelerometer Y","Accelerometer Z","Gyroscope X","Gyroscope Y","Gyroscope Z"],"algorithmType":"maxEnt","suggestedColumnValues":["-0,03, -0,03, -0,03, -0,03, -0,04…","-0,01, -0,00, 0,01, 0,03, 0,04…","-0,02, -0,03, -0,05, -0,07, -0,12…","-0,01, 0,01, 0,08, 0,17, 0,31…","-0,07, -0,07, -0,07, -0,06, -0,06…","-0,22, -0,23, -0,24, -0,26, -0,29…"],"generalClassifierType":{"auto":{}},"suggestedColumnTypes":["Double","Double","Double","Double","Double","Double"],"generalRegressorType":{"auto":{}},"sampleRate":75,"predictionWindowSize":24,"iterationCount":30,"batchSize":64},"state":"trained","trainingEntity":{"finishTime":617550770.374511,"recipeTrainingResults":{"activityClassifier":{"confusionMatrix":[{"expected":"lob_betul","actual":"lob_betul","count":16442},{"expected":"lob_betul","actual":"lob_salah","count":1996},{"expected":"lob_salah","actual":"lob_salah","count":11384}],"statsByLabel":{"lob_salah":{"count":13380,"precisionRecall":{"success":{"recall":0.85082212257100154,"precision":1}}},"lob_betul":{"count":16442,"precisionRecall":{"success":{"recall":1,"precision":0.89174530860180068}}}},"accuracy":0.93306954597277181}},"dataResult":{"itemsCount":383,"columns":["Accelerometer X","Accelerometer Y","Accelerometer Z","Gyroscope X","Gyroscope Y","Gyroscope Z"],"dataURL":"file:\/\/\/Users\/ekirifaldi\/Documents\/Apple%20Academy%20Project\/MC3\/CreateML\/train\/","columnTypes":["Double","Double","Double","Double","Double","Double"],"classesCount":2,"dataSourceID":"D2A65C33-6947-46CF-84EB-6B59E9DAE856","analysis":{"summary":{"canUseValidation":1,"classCount":2,"sampleCount":383},"issues":[{"description":"2 classes found, including lob_betul, lob_salah","severity":"info"},{"description":"383 activity recording files found, automatically creating validation set","severity":"good"},{"description":"Smallest class is \"lob_salah\" with 191 activity recording files","severity":"warning"},{"description":"Largest class is \"lob_betul\" with 192 activity recording files","severity":"info"},{"description":"6 feature columns are selected","severity":"good"}],"classifierAnalysis":{"columns":[],"vizualizerSpec":"","labelStats":{"lob_salah":191,"lob_betul":192}}},"columnValues":["-0,03, -0,03, -0,03, -0,03, -0,04…","-0,01, -0,00, 0,01, 0,03, 0,04…","-0,02, -0,03, -0,05, -0,07, -0,12…","-0,01, 0,01, 0,08, 0,17, 0,31…","-0,07, -0,07, -0,07, -0,06, -0,06…","-0,22, -0,23, -0,24, -0,26, -0,29…"]},"analysedDataType":"choose","recipeValidationResults":{"activityClassifier":{"confusionMatrix":[{"expected":"lob_betul","actual":"lob_betul","count":694},{"expected":"lob_betul","actual":"lob_salah","count":72},{"expected":"lob_salah","actual":"lob_salah","count":582}],"statsByLabel":{"lob_salah":{"count":654,"precisionRecall":{"success":{"recall":0.88990825688073394,"precision":1}}},"lob_betul":{"count":694,"precisionRecall":{"success":{"recall":1,"precision":0.90600522193211486}}}},"accuracy":0.94658753709198817}},"validationAccuracy":0.94658753709198817,"startTime":617550748.52872705,"progress":[{"isLast":false,"currentRowIndex":0,"count":1,"tableDone":false,"acColumnHeader":{"hasValidation":true,"elapsedTime":0.73723000000000005,"trainingAccuracy":0.36898934841156006,"iterationCount":1,"validationAccuracy":0.61350148916244507},"tableIndex":0,"percentComplete":100},{"isLast":false,"currentRowIndex":1,"count":2,"tableDone":false,"acColumnHeader":{"hasValidation":true,"elapsedTime":0.97571699999999995,"trainingAccuracy":0.70669305324554443,"iterationCount":2,"validationAccuracy":0.56824928522109985},"tableIndex":0,"percentComplete":200},{"isLast":false,"currentRowIndex":2,"count":3,"tableDone":false,"acColumnHeader":{"hasValidation":true,"elapsedTime":1.2161629999999999,"trainingAccuracy":0.64935284852981567,"iterationCount":3,"validationAccuracy":0.65059345960617065},"tableIndex":0,"percentComplete":300},{"isLast":false,"currentRowIndex":3,"count":4,"tableDone":false,"acColumnHeader":{"hasValidation":true,"elapsedTime":1.4575230000000001,"trainingAccuracy":0.67966604232788086,"iterationCount":4,"validationAccuracy":0.91913944482803345},"tableIndex":0,"percentComplete":400},{"isLast":false,"currentRowIndex":4,"count":5,"tableDone":false,"acColumnHeader":{"hasValidation":true,"elapsedTime":1.696043,"trainingAccuracy":0.74602639675140381,"iterationCount":5,"validationAccuracy":0.95326411724090576},"tableIndex":0,"percentComplete":500},{"isLast":false,"currentRowIndex":5,"count":6,"tableDone":false,"acColumnHeader":{"hasValidation":true,"elapsedTime":1.934115,"trainingAccuracy":0.82127290964126587,"iterationCount":6,"validationAccuracy":0.95697331428527832},"tableIndex":0,"percentComplete":600},{"isLast":false,"currentRowIndex":6,"count":11,"tableDone":false,"acColumnHeader":{"hasValidation":true,"elapsedTime":3.123815,"trainingAccuracy":0.95898997783660889,"iterationCount":11,"validationAccuracy":1},"tableIndex":0,"percentComplete":1100},{"isLast":false,"currentRowIndex":7,"count":26,"tableDone":false,"acColumnHeader":{"hasValidation":true,"elapsedTime":6.6901729999999997,"trainingAccuracy":0.99597615003585815,"iterationCount":26,"validationAccuracy":0.94658756256103516},"tableIndex":0,"percentComplete":2600},{"isLast":false,"currentRowIndex":8,"count":30,"tableDone":false,"acColumnHeader":{"hasValidation":true,"elapsedTime":7.6404699999999997,"trainingAccuracy":1,"iterationCount":30,"validationAccuracy":0.94658756256103516},"tableIndex":0,"percentComplete":3000},{"isLast":true,"currentRowIndex":8,"count":30,"tableDone":true,"acColumnHeader":{"hasValidation":true,"elapsedTime":7.6404699999999997,"trainingAccuracy":1,"iterationCount":30,"validationAccuracy":0.94658756256103516},"tableIndex":0,"percentComplete":3000}],"trainingAccuracy":0.93306954597277181},"createdDate":"2020-07-27 21:51:48","transientEvaluationState":"none","evaluationState":"evaluated","title":"BadmintonActivityClassifier 1- 190 vs 9 copy","evaluationEntity":{"finishTime":617550774.94164395,"result":{"activityClassifier":{"statsByLabel":{"lob_salah":{"count":28,"precisionRecall":{"success":{"recall":0.8214285714285714,"precision":1}}},"lob_betul":{"count":35,"precisionRecall":{"success":{"recall":1,"precision":0.875}}}},"accuracy":0.92063492063492058}},"dataResult":{"itemsCount":18,"columns":["Accelerometer X","Accelerometer Y","Accelerometer Z","Gyroscope X","Gyroscope Y","Gyroscope Z"],"dataURL":"file:\/\/\/Users\/ekirifaldi\/Documents\/Apple%20Academy%20Project\/MC3\/CreateML\/test\/","columnTypes":["Double","Double","Double","Double","Double","Double"],"classesCount":2,"dataSourceID":"53E4F186-18ED-4772-B99D-A721782F81ED","analysis":{"summary":{"canUseValidation":0,"classCount":2,"sampleCount":18},"issues":[{"description":"2 classes found, including lob_salah, lob_betul","severity":"info"},{"description":"Less than 100 total activity recording files found - add more to improve model validation","severity":"warning"},{"description":"Smallest class is \"lob_betul\" with 9 activity recording files","severity":"warning"},{"description":"Largest class is \"lob_salah\" with 9 activity recording files","severity":"info"},{"description":"6 feature columns are selected","severity":"good"}],"classifierAnalysis":{"columns":[],"vizualizerSpec":"","labelStats":{"lob_salah":9,"lob_betul":9}}},"columnValues":["-0,05, -0,06, -0,08, -0,13, -0,17…","-0,02, -0,02, -0,04, -0,08, -0,09…","0,04, 0,03, 0,03, 0,05, 0,06…","-0,05, 0,01, 0,02, -0,10, -0,30…","-0,20, -0,17, -0,20, -0,17, -0,23…","0,07, 0,06, 0,05, 0,05, 0,06…"]},"analysedDataType":"none","accuracy":0.92063492063492058,"startTime":617550772.621068,"trainedEvaluationURL":"file:\/\/\/Users\/ekirifaldi\/Documents\/Apple%20Academy%20Project\/MC3\/CreateML\/test\/","trainedEvaluationItemCount":18},"modifiedDate":"2020-08-10 16:40:02","transientState":"none","preferredFilename":"BadmintonActivityClassifier 1- 190 vs 9 -2"}