{"id":"43C93878-8707-47E6-878A-7ADD5A5B1DB1","validationEntity":{"analysedDataType":"auto","dataResult":{}},"modelEntity":{"modelURL":"Models\/BadmintonActivityClassifier%201-%2060%20pws.mlmodel"},"version":"1.0","settingEntity":{"augmentations":[],"suggestedColumns":["Accelerometer X","Accelerometer Y","Accelerometer Z","Gyroscope X","Gyroscope Y","Gyroscope Z"],"seedType":"default","transferLearningEmbeddingType":"dynamic","featureNames":["Accelerometer X","Accelerometer Y","Accelerometer Z","Gyroscope X","Gyroscope Y","Gyroscope Z"],"algorithmType":"maxEnt","suggestedColumnValues":["-0,08, -0,08, -0,09, -0,12, -0,15…","-0,08, -0,10, -0,17, -0,17, -0,13…","0,00, -0,01, 0,00, -0,03, -0,05…","-0,34, -0,35, -0,48, -0,53, -0,46…","0,01, -0,04, -0,05, -0,06, -0,07…","-0,03, -0,05, -0,08, -0,14, -0,23…"],"generalClassifierType":{"auto":{}},"suggestedColumnTypes":["Double","Double","Double","Double","Double","Double"],"generalRegressorType":{"auto":{}},"sampleRate":75,"predictionWindowSize":60,"iterationCount":30,"batchSize":64},"state":"trained","trainingEntity":{"progress":[{"isLast":false,"currentRowIndex":0,"count":1,"tableDone":false,"acColumnHeader":{"hasValidation":true,"elapsedTime":1.3317030000000001,"trainingAccuracy":0.44178688526153564,"iterationCount":1,"validationAccuracy":0.73251378536224365},"tableIndex":0,"percentComplete":100},{"isLast":false,"currentRowIndex":1,"count":2,"tableDone":false,"acColumnHeader":{"hasValidation":true,"elapsedTime":1.8903810000000001,"trainingAccuracy":0.70813298225402832,"iterationCount":2,"validationAccuracy":0.5561678409576416},"tableIndex":0,"percentComplete":200},{"isLast":false,"currentRowIndex":2,"count":3,"tableDone":false,"acColumnHeader":{"hasValidation":true,"elapsedTime":2.4216090000000001,"trainingAccuracy":0.68394076824188232,"iterationCount":3,"validationAccuracy":0.86307758092880249},"tableIndex":0,"percentComplete":300},{"isLast":false,"currentRowIndex":3,"count":4,"tableDone":false,"acColumnHeader":{"hasValidation":true,"elapsedTime":2.9393850000000001,"trainingAccuracy":0.83780479431152344,"iterationCount":4,"validationAccuracy":0.9631199836730957},"tableIndex":0,"percentComplete":400},{"isLast":false,"currentRowIndex":4,"count":5,"tableDone":false,"acColumnHeader":{"hasValidation":true,"elapsedTime":3.459241,"trainingAccuracy":0.91801655292510986,"iterationCount":5,"validationAccuracy":0.9631199836730957},"tableIndex":0,"percentComplete":500},{"isLast":false,"currentRowIndex":5,"count":6,"tableDone":false,"acColumnHeader":{"hasValidation":true,"elapsedTime":3.97783,"trainingAccuracy":0.93917149305343628,"iterationCount":6,"validationAccuracy":0.9631199836730957},"tableIndex":0,"percentComplete":600},{"isLast":false,"currentRowIndex":6,"count":11,"tableDone":false,"acColumnHeader":{"hasValidation":true,"elapsedTime":6.5677180000000002,"trainingAccuracy":0.98616385459899902,"iterationCount":11,"validationAccuracy":1},"tableIndex":0,"percentComplete":1100},{"isLast":false,"currentRowIndex":7,"count":21,"tableDone":false,"acColumnHeader":{"hasValidation":true,"elapsedTime":11.7789,"trainingAccuracy":0.99873447418212891,"iterationCount":21,"validationAccuracy":0.9631199836730957},"tableIndex":0,"percentComplete":2100},{"isLast":false,"currentRowIndex":8,"count":30,"tableDone":false,"acColumnHeader":{"hasValidation":true,"elapsedTime":16.475351,"trainingAccuracy":1,"iterationCount":30,"validationAccuracy":0.97456550598144531},"tableIndex":0,"percentComplete":3000},{"isLast":true,"currentRowIndex":8,"count":30,"tableDone":true,"acColumnHeader":{"hasValidation":true,"elapsedTime":16.475351,"trainingAccuracy":1,"iterationCount":30,"validationAccuracy":0.97456550598144531},"tableIndex":0,"percentComplete":3000}],"recipeTrainingResults":{"activityClassifier":{"confusionMatrix":[{"expected":"lob_betul","actual":"lob_betul","count":26707},{"expected":"lob_salah","actual":"lob_betul","count":83},{"expected":"lob_betul","actual":"lob_salah","count":339},{"expected":"lob_salah","actual":"lob_salah","count":20283}],"statsByLabel":{"lob_salah":{"count":20622,"precisionRecall":{"success":{"recall":0.98356124527203959,"precision":0.99592458018265739}}},"lob_betul":{"count":26790,"precisionRecall":{"success":{"recall":0.9969018290406868,"precision":0.98746579900909559}}}},"accuracy":0.99109929975533617}},"recipeValidationResults":{"activityClassifier":{"confusionMatrix":[{"expected":"lob_betul","actual":"lob_betul","count":878},{"expected":"lob_betul","actual":"lob_salah","count":60},{"expected":"lob_salah","actual":"lob_salah","count":1421}],"statsByLabel":{"lob_salah":{"count":1481,"precisionRecall":{"success":{"recall":0.95948683322079675,"precision":1}}},"lob_betul":{"count":878,"precisionRecall":{"success":{"recall":1,"precision":0.9360341151385928}}}},"accuracy":0.97456549385332769}},"dataResult":{"itemsCount":600,"columns":["Accelerometer X","Accelerometer Y","Accelerometer Z","Gyroscope X","Gyroscope Y","Gyroscope Z"],"dataURL":"file:\/\/\/Users\/ekirifaldi\/Documents\/Apple%20Academy%20Project\/MC3\/CreateML\/train\/","columnTypes":["Double","Double","Double","Double","Double","Double"],"classesCount":2,"dataSourceID":"D2A65C33-6947-46CF-84EB-6B59E9DAE856","analysis":{"summary":{"canUseValidation":1,"classCount":2,"sampleCount":600},"issues":[{"description":"2 classes found, including lob_betul, lob_salah","severity":"info"},{"description":"600 activity recording files found, automatically creating validation set","severity":"good"},{"description":"Smallest class is \"lob_salah\" with 300 activity recording files","severity":"warning"},{"description":"Largest class is \"lob_betul\" with 300 activity recording files","severity":"info"},{"description":"6 feature columns are selected","severity":"good"}],"classifierAnalysis":{"columns":[],"vizualizerSpec":"","labelStats":{"lob_salah":300,"lob_betul":300}}},"columnValues":["-0,08, -0,08, -0,09, -0,12, -0,15…","-0,08, -0,10, -0,17, -0,17, -0,13…","0,00, -0,01, 0,00, -0,03, -0,05…","-0,34, -0,35, -0,48, -0,53, -0,46…","0,01, -0,04, -0,05, -0,06, -0,07…","-0,03, -0,05, -0,08, -0,14, -0,23…"]},"duration":40,"analysedDataType":"choose","validationAccuracy":0.97456549385332769,"startTime":618129761.30501401,"trainingAccuracy":0.99109929975533617,"finishTime":618129801.38502705},"createdDate":"2020-08-03 14:41:31","transientEvaluationState":"none","evaluationState":"evaluated","title":"BadmintonActivityClassifier 1- 190 vs 9 -6 copy","evaluationEntity":{"finishTime":618140501.94963706,"result":{"activityClassifier":{"statsByLabel":{"lob_salah":{"count":19,"precisionRecall":{"success":{"recall":1,"precision":1}}},"lob_betul":{"count":20,"precisionRecall":{"success":{"recall":1,"precision":1}}}},"accuracy":1}},"dataResult":{"itemsCount":20,"columns":["Accelerometer X","Accelerometer Y","Accelerometer Z","Gyroscope X","Gyroscope Y","Gyroscope Z"],"dataURL":"file:\/\/\/Users\/ekirifaldi\/Documents\/Apple%20Academy%20Project\/MC3\/CreateML\/test\/","columnTypes":["Double","Double","Double","Double","Double","Double"],"classesCount":2,"dataSourceID":"53E4F186-18ED-4772-B99D-A721782F81ED","analysis":{"summary":{"canUseValidation":0,"classCount":2,"sampleCount":20},"issues":[{"description":"2 classes found, including lob_salah, lob_betul","severity":"info"},{"description":"Less than 100 total activity recording files found - add more to improve model validation","severity":"warning"},{"description":"Smallest class is \"lob_betul\" with 10 activity recording files","severity":"warning"},{"description":"Largest class is \"lob_salah\" with 10 activity recording files","severity":"info"},{"description":"6 feature columns are selected","severity":"good"}],"classifierAnalysis":{"columns":[],"vizualizerSpec":"","labelStats":{"lob_salah":10,"lob_betul":10}}},"columnValues":["-0,29, -0,26, -0,23, -0,17, -0,14…","0,14, 0,15, 0,09, -0,05, -0,06…","-0,07, -0,06, -0,02, -0,05, -0,20…","-0,57, -0,91, -1,10, -0,92, -0,35…","0,44, 0,46, 0,50, 0,67, 0,85…","0,47, 0,64, 0,61, 0,54, 0,33…"]},"analysedDataType":"none","accuracy":1,"startTime":618140499.44133496,"trainedEvaluationURL":"file:\/\/\/Users\/ekirifaldi\/Documents\/Apple%20Academy%20Project\/MC3\/CreateML\/test\/","trainedEvaluationItemCount":20},"modifiedDate":"2020-08-13 19:33:46","transientState":"none","preferredFilename":"BadmintonActivityClassifier 1- 60 pws"}