{"id":"411C8233-FD78-4E4B-B431-BB1DA4AE973D","validationEntity":{"analysedDataType":"auto","dataResult":{}},"modelEntity":{"modelURL":"Models\/BadmintonActivityClassifier%201-%2080%20pws%20100%20max%20Itera.mlmodel"},"version":"1.0","settingEntity":{"augmentations":[],"suggestedColumns":["Accelerometer X","Accelerometer Y","Accelerometer Z","Gyroscope X","Gyroscope Y","Gyroscope Z"],"seedType":"default","transferLearningEmbeddingType":"dynamic","featureNames":["Accelerometer X","Accelerometer Y","Accelerometer Z","Gyroscope X","Gyroscope Y","Gyroscope Z"],"algorithmType":"maxEnt","suggestedColumnValues":["-0,03, -0,03, -0,03, -0,03, -0,04…","-0,01, -0,00, 0,01, 0,03, 0,04…","-0,02, -0,03, -0,05, -0,07, -0,12…","-0,01, 0,01, 0,08, 0,17, 0,31…","-0,07, -0,07, -0,07, -0,06, -0,06…","-0,22, -0,23, -0,24, -0,26, -0,29…"],"generalClassifierType":{"auto":{}},"suggestedColumnTypes":["Double","Double","Double","Double","Double","Double"],"generalRegressorType":{"auto":{}},"sampleRate":75,"predictionWindowSize":80,"iterationCount":100,"batchSize":64},"state":"trained","trainingEntity":{"progress":[{"isLast":false,"currentRowIndex":0,"count":1,"tableDone":false,"acColumnHeader":{"hasValidation":true,"elapsedTime":0.90012999999999999,"trainingAccuracy":0.48076432943344116,"iterationCount":1,"validationAccuracy":0.78918915987014771},"tableIndex":0,"percentComplete":100},{"isLast":false,"currentRowIndex":1,"count":2,"tableDone":false,"acColumnHeader":{"hasValidation":true,"elapsedTime":1.612746,"trainingAccuracy":0.71314579248428345,"iterationCount":2,"validationAccuracy":0.81801801919937134},"tableIndex":0,"percentComplete":200},{"isLast":false,"currentRowIndex":2,"count":3,"tableDone":false,"acColumnHeader":{"hasValidation":true,"elapsedTime":2.3280910000000001,"trainingAccuracy":0.73046642541885376,"iterationCount":3,"validationAccuracy":0.96108108758926392},"tableIndex":0,"percentComplete":300},{"isLast":false,"currentRowIndex":3,"count":4,"tableDone":false,"acColumnHeader":{"hasValidation":true,"elapsedTime":3.0324309999999999,"trainingAccuracy":0.87592560052871704,"iterationCount":4,"validationAccuracy":0.96180182695388794},"tableIndex":0,"percentComplete":400},{"isLast":false,"currentRowIndex":4,"count":5,"tableDone":false,"acColumnHeader":{"hasValidation":true,"elapsedTime":3.7396000000000003,"trainingAccuracy":0.90618348121643066,"iterationCount":5,"validationAccuracy":0.99495494365692139},"tableIndex":0,"percentComplete":500},{"isLast":false,"currentRowIndex":5,"count":6,"tableDone":false,"acColumnHeader":{"hasValidation":true,"elapsedTime":4.4507690000000002,"trainingAccuracy":0.92365306615829468,"iterationCount":6,"validationAccuracy":1},"tableIndex":0,"percentComplete":600},{"isLast":false,"currentRowIndex":6,"count":11,"tableDone":false,"acColumnHeader":{"hasValidation":true,"elapsedTime":7.9715179999999997,"trainingAccuracy":0.99019062519073486,"iterationCount":11,"validationAccuracy":1},"tableIndex":0,"percentComplete":1100},{"isLast":false,"currentRowIndex":7,"count":16,"tableDone":false,"acColumnHeader":{"hasValidation":true,"elapsedTime":11.507598,"trainingAccuracy":0.99987232685089111,"iterationCount":16,"validationAccuracy":1},"tableIndex":0,"percentComplete":1600},{"isLast":false,"currentRowIndex":8,"count":21,"tableDone":false,"acColumnHeader":{"hasValidation":true,"elapsedTime":15.051816000000001,"trainingAccuracy":0.9998510479927063,"iterationCount":21,"validationAccuracy":1},"tableIndex":0,"percentComplete":2100},{"isLast":false,"currentRowIndex":9,"count":26,"tableDone":false,"acColumnHeader":{"hasValidation":true,"elapsedTime":18.572320999999999,"trainingAccuracy":0.99829775094985962,"iterationCount":26,"validationAccuracy":1},"tableIndex":0,"percentComplete":2600},{"isLast":false,"currentRowIndex":10,"count":31,"tableDone":false,"acColumnHeader":{"hasValidation":true,"elapsedTime":22.092039,"trainingAccuracy":0.99829775094985962,"iterationCount":31,"validationAccuracy":1},"tableIndex":0,"percentComplete":3100},{"isLast":false,"currentRowIndex":11,"count":36,"tableDone":false,"acColumnHeader":{"hasValidation":true,"elapsedTime":25.631723999999998,"trainingAccuracy":0.99829775094985962,"iterationCount":36,"validationAccuracy":0.97153151035308838},"tableIndex":0,"percentComplete":3600},{"isLast":false,"currentRowIndex":12,"count":41,"tableDone":false,"acColumnHeader":{"hasValidation":true,"elapsedTime":29.179390999999999,"trainingAccuracy":1,"iterationCount":41,"validationAccuracy":0.97153151035308838},"tableIndex":0,"percentComplete":4100},{"isLast":false,"currentRowIndex":13,"count":46,"tableDone":false,"acColumnHeader":{"hasValidation":true,"elapsedTime":32.705216,"trainingAccuracy":1,"iterationCount":46,"validationAccuracy":1},"tableIndex":0,"percentComplete":4600},{"isLast":false,"currentRowIndex":14,"count":51,"tableDone":false,"acColumnHeader":{"hasValidation":true,"elapsedTime":36.238297000000003,"trainingAccuracy":1,"iterationCount":51,"validationAccuracy":1},"tableIndex":0,"percentComplete":5100},{"isLast":false,"currentRowIndex":15,"count":56,"tableDone":false,"acColumnHeader":{"hasValidation":true,"elapsedTime":39.767079000000003,"trainingAccuracy":1,"iterationCount":56,"validationAccuracy":1},"tableIndex":0,"percentComplete":5600},{"isLast":false,"currentRowIndex":16,"count":61,"tableDone":false,"acColumnHeader":{"hasValidation":true,"elapsedTime":43.298766999999998,"trainingAccuracy":0.99987232685089111,"iterationCount":61,"validationAccuracy":1},"tableIndex":0,"percentComplete":6100},{"isLast":false,"currentRowIndex":17,"count":66,"tableDone":false,"acColumnHeader":{"hasValidation":true,"elapsedTime":46.847321000000001,"trainingAccuracy":1,"iterationCount":66,"validationAccuracy":1},"tableIndex":0,"percentComplete":6600},{"isLast":false,"currentRowIndex":18,"count":71,"tableDone":false,"acColumnHeader":{"hasValidation":true,"elapsedTime":50.379292,"trainingAccuracy":1,"iterationCount":71,"validationAccuracy":0.97153151035308838},"tableIndex":0,"percentComplete":7100},{"isLast":false,"currentRowIndex":19,"count":76,"tableDone":false,"acColumnHeader":{"hasValidation":true,"elapsedTime":53.924407000000002,"trainingAccuracy":1,"iterationCount":76,"validationAccuracy":0.97153151035308838},"tableIndex":0,"percentComplete":7600},{"isLast":false,"currentRowIndex":20,"count":81,"tableDone":false,"acColumnHeader":{"hasValidation":true,"elapsedTime":57.473785999999997,"trainingAccuracy":1,"iterationCount":81,"validationAccuracy":0.97153151035308838},"tableIndex":0,"percentComplete":8100},{"isLast":false,"currentRowIndex":21,"count":86,"tableDone":false,"acColumnHeader":{"hasValidation":true,"elapsedTime":61.010463999999999,"trainingAccuracy":0.99829775094985962,"iterationCount":86,"validationAccuracy":1},"tableIndex":0,"percentComplete":8600},{"isLast":false,"currentRowIndex":22,"count":91,"tableDone":false,"acColumnHeader":{"hasValidation":true,"elapsedTime":64.541274000000001,"trainingAccuracy":1,"iterationCount":91,"validationAccuracy":1},"tableIndex":0,"percentComplete":9100},{"isLast":false,"currentRowIndex":23,"count":96,"tableDone":false,"acColumnHeader":{"hasValidation":true,"elapsedTime":68.079350000000005,"trainingAccuracy":0.9997020959854126,"iterationCount":96,"validationAccuracy":0.97153151035308838},"tableIndex":0,"percentComplete":9600},{"isLast":false,"currentRowIndex":24,"count":100,"tableDone":false,"acColumnHeader":{"hasValidation":true,"elapsedTime":70.903789000000003,"trainingAccuracy":1,"iterationCount":100,"validationAccuracy":1},"tableIndex":0,"percentComplete":10000},{"isLast":true,"currentRowIndex":24,"count":100,"tableDone":true,"acColumnHeader":{"hasValidation":true,"elapsedTime":70.903789000000003,"trainingAccuracy":1,"iterationCount":100,"validationAccuracy":1},"tableIndex":0,"percentComplete":10000}],"recipeTrainingResults":{"activityClassifier":{"confusionMatrix":[{"expected":"lob_betul","actual":"lob_betul","count":25887},{"expected":"lob_betul","actual":"lob_salah","count":186},{"expected":"lob_salah","actual":"lob_salah","count":20923}],"statsByLabel":{"lob_salah":{"count":21109,"precisionRecall":{"success":{"recall":0.99118859254346492,"precision":1}}},"lob_betul":{"count":25887,"precisionRecall":{"success":{"recall":1,"precision":0.99286618340812338}}}},"accuracy":0.99604221635883905}},"recipeValidationResults":{"activityClassifier":{"confusionMatrix":[{"expected":"lob_betul","actual":"lob_betul","count":1781},{"expected":"lob_salah","actual":"lob_salah","count":994}],"statsByLabel":{"lob_salah":{"count":994,"precisionRecall":{"success":{"recall":1,"precision":1}}},"lob_betul":{"count":1781,"precisionRecall":{"success":{"recall":1,"precision":1}}}},"accuracy":1}},"dataResult":{"itemsCount":600,"columns":["Accelerometer X","Accelerometer Y","Accelerometer Z","Gyroscope X","Gyroscope Y","Gyroscope Z"],"dataURL":"file:\/\/\/Users\/ekirifaldi\/Documents\/Apple%20Academy%20Project\/MC3\/CreateML\/train\/","columnTypes":["Double","Double","Double","Double","Double","Double"],"classesCount":2,"dataSourceID":"D2A65C33-6947-46CF-84EB-6B59E9DAE856","analysis":{"summary":{"sampleCount":600,"classCount":2,"canUseValidation":1},"issues":[{"description":"2 classes found, including lob_betul, lob_salah","severity":"info"},{"description":"600 activity recording files found, automatically creating validation set","severity":"good"},{"description":"Smallest class is \"lob_salah\" with 300 activity recording files","severity":"warning"},{"description":"Largest class is \"lob_betul\" with 300 activity recording files","severity":"info"},{"description":"6 feature columns are selected","severity":"good"}],"classifierAnalysis":{"columns":[],"vizualizerSpec":"","labelStats":{"lob_salah":300,"lob_betul":300}}},"columnValues":["-0,03, -0,03, -0,03, -0,03, -0,04…","-0,01, -0,00, 0,01, 0,03, 0,04…","-0,02, -0,03, -0,05, -0,07, -0,12…","-0,01, 0,01, 0,08, 0,17, 0,31…","-0,07, -0,07, -0,07, -0,06, -0,06…","-0,22, -0,23, -0,24, -0,26, -0,29…"]},"duration":96,"analysedDataType":"choose","validationAccuracy":1,"startTime":618748927.98391294,"trainingAccuracy":0.99604221635883905,"finishTime":618749023.99980998},"createdDate":"2020-08-10 18:41:32","transientEvaluationState":"none","evaluationState":"evaluated","title":"BadmintonActivityClassifier 1- 80 pws dummy test switch copy","evaluationEntity":{"finishTime":618749028.39733803,"result":{"activityClassifier":{"statsByLabel":{"lob_salah":{"count":10,"precisionRecall":{"success":{"recall":1,"precision":1}}},"lob_betul":{"count":20,"precisionRecall":{"success":{"recall":1,"precision":1}}}},"accuracy":1}},"dataResult":{"itemsCount":20,"columns":["Accelerometer X","Accelerometer Y","Accelerometer Z","Gyroscope X","Gyroscope Y","Gyroscope Z"],"dataURL":"file:\/\/\/Users\/ekirifaldi\/Documents\/Apple%20Academy%20Project\/MC3\/CreateML\/test\/","columnTypes":["Double","Double","Double","Double","Double","Double"],"classesCount":2,"dataSourceID":"53E4F186-18ED-4772-B99D-A721782F81ED","analysis":{"summary":{"sampleCount":20,"classCount":2,"canUseValidation":0},"issues":[{"description":"2 classes found, including lob_salah, lob_betul","severity":"info"},{"description":"Less than 100 total activity recording files found - add more to improve model validation","severity":"warning"},{"description":"Smallest class is \"lob_betul\" with 10 activity recording files","severity":"warning"},{"description":"Largest class is \"lob_salah\" with 10 activity recording files","severity":"info"},{"description":"6 feature columns are selected","severity":"good"}],"classifierAnalysis":{"columns":[],"vizualizerSpec":"","labelStats":{"lob_salah":10,"lob_betul":10}}},"columnValues":["-0,29, -0,26, -0,23, -0,17, -0,14…","0,14, 0,15, 0,09, -0,05, -0,06…","-0,07, -0,06, -0,02, -0,05, -0,20…","-0,57, -0,91, -1,10, -0,92, -0,35…","0,44, 0,46, 0,50, 0,67, 0,85…","0,47, 0,64, 0,61, 0,54, 0,33…"]},"analysedDataType":"none","accuracy":1,"startTime":618749026.11166799,"trainedEvaluationURL":"file:\/\/\/Users\/ekirifaldi\/Documents\/Apple%20Academy%20Project\/MC3\/CreateML\/test\/","trainedEvaluationItemCount":20},"modifiedDate":"2020-08-13 19:36:48","transientState":"none","preferredFilename":"BadmintonActivityClassifier 1- 80 pws 100 max Itera"}