{"id":"73FEBC33-18E8-4899-9D0B-873FF6DFAB42","validationEntity":{"analysedDataType":"auto","dataResult":{}},"modelEntity":{"modelURL":"Models\/BadmintonActivityClassifier%201-%20190%20vs%209%20-5%20(used).mlmodel"},"version":"1.0","settingEntity":{"augmentations":[],"suggestedColumns":["Accelerometer X","Accelerometer Y","Accelerometer Z","Gyroscope X","Gyroscope Y","Gyroscope Z"],"seedType":"default","transferLearningEmbeddingType":"dynamic","featureNames":["Accelerometer X","Accelerometer Y","Accelerometer Z","Gyroscope X","Gyroscope Y","Gyroscope Z"],"algorithmType":"maxEnt","suggestedColumnValues":["-0,03, -0,03, -0,03, -0,03, -0,04…","-0,01, -0,00, 0,01, 0,03, 0,04…","-0,02, -0,03, -0,05, -0,07, -0,12…","-0,01, 0,01, 0,08, 0,17, 0,31…","-0,07, -0,07, -0,07, -0,06, -0,06…","-0,22, -0,23, -0,24, -0,26, -0,29…"],"generalClassifierType":{"auto":{}},"suggestedColumnTypes":["Double","Double","Double","Double","Double","Double"],"generalRegressorType":{"auto":{}},"sampleRate":75,"predictionWindowSize":6,"iterationCount":30,"batchSize":64},"state":"trained","trainingEntity":{"finishTime":617614421.29193604,"recipeTrainingResults":{"activityClassifier":{"confusionMatrix":[{"expected":"lob_betul","actual":"lob_betul","count":21521},{"expected":"lob_salah","actual":"lob_betul","count":326},{"expected":"lob_betul","actual":"lob_salah","count":4003},{"expected":"lob_salah","actual":"lob_salah","count":14429}],"statsByLabel":{"lob_salah":{"count":18432,"precisionRecall":{"success":{"recall":0.78282335069444442,"precision":0.97790579464588279}}},"lob_betul":{"count":21847,"precisionRecall":{"success":{"recall":0.98507804275186528,"precision":0.84316721517003601}}}},"accuracy":0.89252464063159465}},"dataResult":{"itemsCount":500,"columns":["Accelerometer X","Accelerometer Y","Accelerometer Z","Gyroscope X","Gyroscope Y","Gyroscope Z"],"dataURL":"file:\/\/\/Users\/ekirifaldi\/Documents\/Apple%20Academy%20Project\/MC3\/CreateML\/train\/","columnTypes":["Double","Double","Double","Double","Double","Double"],"classesCount":2,"dataSourceID":"D2A65C33-6947-46CF-84EB-6B59E9DAE856","analysis":{"summary":{"canUseValidation":1,"classCount":2,"sampleCount":500},"issues":[{"description":"2 classes found, including lob_salah, lob_betul","severity":"info"},{"description":"500 activity recording files found, automatically creating validation set","severity":"good"},{"description":"Smallest class is \"lob_betul\" with 250 activity recording files","severity":"warning"},{"description":"Largest class is \"lob_salah\" with 250 activity recording files","severity":"info"},{"description":"6 feature columns are selected","severity":"good"}],"classifierAnalysis":{"columns":[],"vizualizerSpec":"","labelStats":{"lob_salah":250,"lob_betul":250}}},"columnValues":["-0,03, -0,03, -0,03, -0,03, -0,04…","-0,01, -0,00, 0,01, 0,03, 0,04…","-0,02, -0,03, -0,05, -0,07, -0,12…","-0,01, 0,01, 0,08, 0,17, 0,31…","-0,07, -0,07, -0,07, -0,06, -0,06…","-0,22, -0,23, -0,24, -0,26, -0,29…"]},"analysedDataType":"choose","recipeValidationResults":{"activityClassifier":{"confusionMatrix":[{"expected":"lob_betul","actual":"lob_betul","count":1487},{"expected":"lob_salah","actual":"lob_betul","count":43},{"expected":"lob_betul","actual":"lob_salah","count":181},{"expected":"lob_salah","actual":"lob_salah","count":741}],"statsByLabel":{"lob_salah":{"count":922,"precisionRecall":{"success":{"recall":0.80368763557483736,"precision":0.94515306122448983}}},"lob_betul":{"count":1530,"precisionRecall":{"success":{"recall":0.9718954248366013,"precision":0.89148681055155876}}}},"accuracy":0.90864600326264278}},"validationAccuracy":0.90864600326264278,"startTime":617614388.85383296,"progress":[{"isLast":false,"currentRowIndex":0,"count":1,"tableDone":false,"acColumnHeader":{"hasValidation":true,"elapsedTime":0.476551,"trainingAccuracy":0.45659029483795166,"iterationCount":1,"validationAccuracy":0.62805873155593872},"tableIndex":0,"percentComplete":100},{"isLast":false,"currentRowIndex":1,"count":2,"tableDone":false,"acColumnHeader":{"hasValidation":true,"elapsedTime":0.782304,"trainingAccuracy":0.55694031715393066,"iterationCount":2,"validationAccuracy":0.62357258796691895},"tableIndex":0,"percentComplete":200},{"isLast":false,"currentRowIndex":2,"count":3,"tableDone":false,"acColumnHeader":{"hasValidation":true,"elapsedTime":1.084892,"trainingAccuracy":0.54095184803009033,"iterationCount":3,"validationAccuracy":0.73327893018722534},"tableIndex":0,"percentComplete":300},{"isLast":false,"currentRowIndex":3,"count":4,"tableDone":false,"acColumnHeader":{"hasValidation":true,"elapsedTime":1.384625,"trainingAccuracy":0.59028279781341553,"iterationCount":4,"validationAccuracy":0.70432299375534058},"tableIndex":0,"percentComplete":400},{"isLast":false,"currentRowIndex":4,"count":5,"tableDone":false,"acColumnHeader":{"hasValidation":true,"elapsedTime":1.6834899999999999,"trainingAccuracy":0.6185605525970459,"iterationCount":5,"validationAccuracy":0.69942903518676758},"tableIndex":0,"percentComplete":500},{"isLast":false,"currentRowIndex":5,"count":6,"tableDone":false,"acColumnHeader":{"hasValidation":true,"elapsedTime":1.9874229999999999,"trainingAccuracy":0.65232503414154053,"iterationCount":6,"validationAccuracy":0.8001631498336792},"tableIndex":0,"percentComplete":600},{"isLast":false,"currentRowIndex":6,"count":11,"tableDone":false,"acColumnHeader":{"hasValidation":true,"elapsedTime":3.472397,"trainingAccuracy":0.93862807750701904,"iterationCount":11,"validationAccuracy":0.87601959705352783},"tableIndex":0,"percentComplete":1100},{"isLast":false,"currentRowIndex":7,"count":21,"tableDone":false,"acColumnHeader":{"hasValidation":true,"elapsedTime":6.3814299999999999,"trainingAccuracy":0.98078405857086182,"iterationCount":21,"validationAccuracy":0.86378467082977295},"tableIndex":0,"percentComplete":2100},{"isLast":false,"currentRowIndex":8,"count":30,"tableDone":false,"acColumnHeader":{"hasValidation":true,"elapsedTime":8.9726920000000003,"trainingAccuracy":0.98619627952575684,"iterationCount":30,"validationAccuracy":0.90619903802871704},"tableIndex":0,"percentComplete":3000},{"isLast":true,"currentRowIndex":8,"count":30,"tableDone":true,"acColumnHeader":{"hasValidation":true,"elapsedTime":8.9726920000000003,"trainingAccuracy":0.98619627952575684,"iterationCount":30,"validationAccuracy":0.90619903802871704},"tableIndex":0,"percentComplete":3000}],"trainingAccuracy":0.89252464063159465},"createdDate":"2020-07-28 15:32:22","transientEvaluationState":"none","evaluationState":"evaluated","title":"BadmintonActivityClassifier 1- 190 vs 9 -4 copy","evaluationEntity":{"finishTime":617614427.53658295,"result":{"activityClassifier":{"statsByLabel":{"lob_salah":{"count":111,"precisionRecall":{"success":{"recall":0.86486486486486491,"precision":1}}},"lob_betul":{"count":143,"precisionRecall":{"success":{"recall":1,"precision":0.90506329113924056}}}},"accuracy":0.94094488188976377}},"dataResult":{"itemsCount":20,"columns":["Accelerometer X","Accelerometer Y","Accelerometer Z","Gyroscope X","Gyroscope Y","Gyroscope Z"],"dataURL":"file:\/\/\/Users\/ekirifaldi\/Documents\/Apple%20Academy%20Project\/MC3\/CreateML\/test\/","columnTypes":["Double","Double","Double","Double","Double","Double"],"classesCount":2,"dataSourceID":"53E4F186-18ED-4772-B99D-A721782F81ED","analysis":{"summary":{"sampleCount":20,"classCount":2,"canUseValidation":0},"issues":[{"description":"2 classes found, including lob_betul, lob_salah","severity":"info"},{"description":"Less than 100 total activity recording files found - add more to improve model validation","severity":"warning"},{"description":"Smallest class is \"lob_salah\" with 10 activity recording files","severity":"warning"},{"description":"Largest class is \"lob_betul\" with 10 activity recording files","severity":"info"},{"description":"6 feature columns are selected","severity":"good"}],"classifierAnalysis":{"columns":[],"vizualizerSpec":"","labelStats":{"lob_salah":10,"lob_betul":10}}},"columnValues":["-0,03, -0,03, -0,04, -0,09, -0,19…","0,02, 0,04, 0,06, 0,10, 0,11…","-0,00, -0,00, -0,02, -0,09, -0,13…","-0,37, -0,30, -0,15, 0,05, 0,01…","-0,27, -0,34, -0,50, -0,80, -1,18…","-0,13, -0,17, -0,26, -0,35, -0,47…"]},"analysedDataType":"none","accuracy":0.94094488188976377,"startTime":617614423.35993302,"trainedEvaluationURL":"file:\/\/\/Users\/ekirifaldi\/Documents\/Apple%20Academy%20Project\/MC3\/CreateML\/test\/","trainedEvaluationItemCount":20},"modifiedDate":"2020-08-13 19:37:55","transientState":"none","preferredFilename":"BadmintonActivityClassifier 1- 190 vs 9 -5 (used)"}