{"id":"E6AE1B59-3D49-4986-9A1E-A94922F27710","validationEntity":{"analysedDataType":"auto","dataResult":{}},"modelEntity":{"modelURL":"Models\/BadmintonActivityClassifier%201-%2030%20pws.mlmodel"},"version":"1.0","settingEntity":{"augmentations":[],"suggestedColumns":["Accelerometer X","Accelerometer Y","Accelerometer Z","Gyroscope X","Gyroscope Y","Gyroscope Z"],"seedType":"default","transferLearningEmbeddingType":"dynamic","featureNames":["Accelerometer X","Accelerometer Y","Accelerometer Z","Gyroscope X","Gyroscope Y","Gyroscope Z"],"algorithmType":"maxEnt","suggestedColumnValues":["-0,03, -0,03, -0,03, -0,03, -0,04…","-0,01, -0,00, 0,01, 0,03, 0,04…","-0,02, -0,03, -0,05, -0,07, -0,12…","-0,01, 0,01, 0,08, 0,17, 0,31…","-0,07, -0,07, -0,07, -0,06, -0,06…","-0,22, -0,23, -0,24, -0,26, -0,29…"],"generalClassifierType":{"auto":{}},"suggestedColumnTypes":["Double","Double","Double","Double","Double","Double"],"generalRegressorType":{"auto":{}},"sampleRate":75,"predictionWindowSize":30,"iterationCount":30,"batchSize":64},"state":"trained","trainingEntity":{"finishTime":618830349.52090204,"recipeTrainingResults":{"activityClassifier":{"confusionMatrix":[{"expected":"lob_betul","actual":"lob_betul","count":25806},{"expected":"lob_salah","actual":"lob_betul","count":471},{"expected":"lob_betul","actual":"lob_salah","count":925},{"expected":"lob_salah","actual":"lob_salah","count":19654}],"statsByLabel":{"lob_salah":{"count":20579,"precisionRecall":{"success":{"recall":0.95505126585354005,"precision":0.97659627329192544}}},"lob_betul":{"count":26277,"precisionRecall":{"success":{"recall":0.98207557940404155,"precision":0.96539598219295952}}}},"accuracy":0.97020659040464396}},"dataResult":{"itemsCount":600,"columns":["Accelerometer X","Accelerometer Y","Accelerometer Z","Gyroscope X","Gyroscope Y","Gyroscope Z"],"dataURL":"file:\/\/\/Users\/ekirifaldi\/Documents\/Apple%20Academy%20Project\/MC3\/CreateML\/train\/","columnTypes":["Double","Double","Double","Double","Double","Double"],"classesCount":2,"dataSourceID":"D2A65C33-6947-46CF-84EB-6B59E9DAE856","analysis":{"summary":{"sampleCount":600,"classCount":2,"canUseValidation":1},"issues":[{"description":"2 classes found, including lob_betul, lob_salah","severity":"info"},{"description":"600 activity recording files found, automatically creating validation set","severity":"good"},{"description":"Smallest class is \"lob_salah\" with 300 activity recording files","severity":"warning"},{"description":"Largest class is \"lob_betul\" with 300 activity recording files","severity":"info"},{"description":"6 feature columns are selected","severity":"good"}],"classifierAnalysis":{"columns":[],"vizualizerSpec":"","labelStats":{"lob_salah":300,"lob_betul":300}}},"columnValues":["-0,03, -0,03, -0,03, -0,03, -0,04…","-0,01, -0,00, 0,01, 0,03, 0,04…","-0,02, -0,03, -0,05, -0,07, -0,12…","-0,01, 0,01, 0,08, 0,17, 0,31…","-0,07, -0,07, -0,07, -0,06, -0,06…","-0,22, -0,23, -0,24, -0,26, -0,29…"]},"analysedDataType":"choose","recipeValidationResults":{"activityClassifier":{"confusionMatrix":[{"expected":"lob_betul","actual":"lob_betul","count":1391},{"expected":"lob_betul","actual":"lob_salah","count":60},{"expected":"lob_salah","actual":"lob_salah","count":1464}],"statsByLabel":{"lob_salah":{"count":1524,"precisionRecall":{"success":{"recall":0.96062992125984248,"precision":1}}},"lob_betul":{"count":1391,"precisionRecall":{"success":{"recall":1,"precision":0.95864920744314264}}}},"accuracy":0.97941680960548883}},"validationAccuracy":0.97941680960548883,"startTime":618830318.39100301,"progress":[{"isLast":false,"currentRowIndex":0,"count":1,"tableDone":false,"acColumnHeader":{"hasValidation":true,"elapsedTime":0.55272500000000002,"trainingAccuracy":0.40436658263206482,"iterationCount":1,"validationAccuracy":0.56535160541534424},"tableIndex":0,"percentComplete":100},{"isLast":false,"currentRowIndex":1,"count":2,"tableDone":false,"acColumnHeader":{"hasValidation":true,"elapsedTime":0.89777099999999999,"trainingAccuracy":0.72022795677185059,"iterationCount":2,"validationAccuracy":0.47718697786331177},"tableIndex":0,"percentComplete":200},{"isLast":false,"currentRowIndex":2,"count":3,"tableDone":false,"acColumnHeader":{"hasValidation":true,"elapsedTime":1.231036,"trainingAccuracy":0.54193699359893799,"iterationCount":3,"validationAccuracy":0.67718696594238281},"tableIndex":0,"percentComplete":300},{"isLast":false,"currentRowIndex":3,"count":4,"tableDone":false,"acColumnHeader":{"hasValidation":true,"elapsedTime":1.572398,"trainingAccuracy":0.64196687936782837,"iterationCount":4,"validationAccuracy":0.7873070240020752},"tableIndex":0,"percentComplete":400},{"isLast":false,"currentRowIndex":4,"count":5,"tableDone":false,"acColumnHeader":{"hasValidation":true,"elapsedTime":1.9041600000000001,"trainingAccuracy":0.73192334175109863,"iterationCount":5,"validationAccuracy":0.7615780234336853},"tableIndex":0,"percentComplete":500},{"isLast":false,"currentRowIndex":5,"count":6,"tableDone":false,"acColumnHeader":{"hasValidation":true,"elapsedTime":2.2440410000000002,"trainingAccuracy":0.77567440271377563,"iterationCount":6,"validationAccuracy":0.90703260898590088},"tableIndex":0,"percentComplete":600},{"isLast":false,"currentRowIndex":6,"count":11,"tableDone":false,"acColumnHeader":{"hasValidation":true,"elapsedTime":3.9139279999999999,"trainingAccuracy":0.9643588662147522,"iterationCount":11,"validationAccuracy":0.93207550048828125},"tableIndex":0,"percentComplete":1100},{"isLast":false,"currentRowIndex":7,"count":21,"tableDone":false,"acColumnHeader":{"hasValidation":true,"elapsedTime":7.2496429999999998,"trainingAccuracy":0.99534744024276733,"iterationCount":21,"validationAccuracy":0.93825042247772217},"tableIndex":0,"percentComplete":2100},{"isLast":false,"currentRowIndex":8,"count":30,"tableDone":false,"acColumnHeader":{"hasValidation":true,"elapsedTime":10.230599,"trainingAccuracy":0.99551820755004883,"iterationCount":30,"validationAccuracy":0.97941678762435913},"tableIndex":0,"percentComplete":3000},{"isLast":true,"currentRowIndex":8,"count":30,"tableDone":true,"acColumnHeader":{"hasValidation":true,"elapsedTime":10.230599,"trainingAccuracy":0.99551820755004883,"iterationCount":30,"validationAccuracy":0.97941678762435913},"tableIndex":0,"percentComplete":3000}],"trainingAccuracy":0.97020659040464396},"createdDate":"2020-08-11 17:18:02","transientEvaluationState":"none","evaluationState":"evaluated","title":"BadmintonActivityClassifier 1- 80 pws 100 max Itera copy","evaluationEntity":{"finishTime":618830354.13023698,"result":{"activityClassifier":{"statsByLabel":{"lob_salah":{"count":29,"precisionRecall":{"success":{"recall":0.96551724137931039,"precision":0.90322580645161288}}},"lob_betul":{"count":34,"precisionRecall":{"success":{"recall":0.91176470588235292,"precision":0.96875}}}},"accuracy":0.93650793650793651}},"dataResult":{"itemsCount":20,"columns":["Accelerometer X","Accelerometer Y","Accelerometer Z","Gyroscope X","Gyroscope Y","Gyroscope Z"],"dataURL":"file:\/\/\/Users\/ekirifaldi\/Documents\/Apple%20Academy%20Project\/MC3\/CreateML\/test\/","columnTypes":["Double","Double","Double","Double","Double","Double"],"classesCount":2,"dataSourceID":"53E4F186-18ED-4772-B99D-A721782F81ED","analysis":{"summary":{"canUseValidation":0,"classCount":2,"sampleCount":20},"issues":[{"description":"2 classes found, including lob_salah, lob_betul","severity":"info"},{"description":"Less than 100 total activity recording files found - add more to improve model validation","severity":"warning"},{"description":"Smallest class is \"lob_betul\" with 10 activity recording files","severity":"warning"},{"description":"Largest class is \"lob_salah\" with 10 activity recording files","severity":"info"},{"description":"6 feature columns are selected","severity":"good"}],"classifierAnalysis":{"columns":[],"vizualizerSpec":"","labelStats":{"lob_betul":10,"lob_salah":10}}},"columnValues":["-0,29, -0,26, -0,23, -0,17, -0,14…","0,14, 0,15, 0,09, -0,05, -0,06…","-0,07, -0,06, -0,02, -0,05, -0,20…","-0,57, -0,91, -1,10, -0,92, -0,35…","0,44, 0,46, 0,50, 0,67, 0,85…","0,47, 0,64, 0,61, 0,54, 0,33…"]},"analysedDataType":"none","accuracy":0.93650793650793651,"startTime":618830351.60140002,"trainedEvaluationURL":"file:\/\/\/Users\/ekirifaldi\/Documents\/Apple%20Academy%20Project\/MC3\/CreateML\/test\/","trainedEvaluationItemCount":20},"modifiedDate":"2020-08-13 19:25:42","transientState":"none","preferredFilename":"BadmintonActivityClassifier 1- 30 pws"}