{"id":"28CEA100-D75A-4346-9706-EED164F79C87","validationEntity":{"analysedDataType":"auto","dataResult":{}},"modelEntity":{"modelURL":"Models\/BadmintonActivityClassifier%201-%20190%20vs%209%20-4.mlmodel"},"version":"1.0","settingEntity":{"augmentations":[],"suggestedColumns":["Accelerometer X","Accelerometer Y","Accelerometer Z","Gyroscope X","Gyroscope Y","Gyroscope Z"],"seedType":"default","transferLearningEmbeddingType":"dynamic","featureNames":["Accelerometer X","Accelerometer Y","Accelerometer Z","Gyroscope X","Gyroscope Y","Gyroscope Z"],"algorithmType":"maxEnt","suggestedColumnValues":["-0,03, -0,03, -0,03, -0,03, -0,04…","-0,01, -0,00, 0,01, 0,03, 0,04…","-0,02, -0,03, -0,05, -0,07, -0,12…","-0,01, 0,01, 0,08, 0,17, 0,31…","-0,07, -0,07, -0,07, -0,06, -0,06…","-0,22, -0,23, -0,24, -0,26, -0,29…"],"generalClassifierType":{"auto":{}},"suggestedColumnTypes":["Double","Double","Double","Double","Double","Double"],"generalRegressorType":{"auto":{}},"sampleRate":75,"predictionWindowSize":6,"iterationCount":30,"batchSize":64},"state":"trained","trainingEntity":{"finishTime":617614024.65587699,"recipeTrainingResults":{"activityClassifier":{"confusionMatrix":[{"expected":"lob_betul","actual":"lob_betul","count":21864},{"expected":"lob_salah","actual":"lob_betul","count":191},{"expected":"lob_betul","actual":"lob_salah","count":6569},{"expected":"lob_salah","actual":"lob_salah","count":11779}],"statsByLabel":{"lob_salah":{"count":18348,"precisionRecall":{"success":{"recall":0.64197732722912582,"precision":0.98404344193817883}}},"lob_betul":{"count":22055,"precisionRecall":{"success":{"recall":0.99133983223758781,"precision":0.76896563851862276}}}},"accuracy":0.83268569165656015}},"dataResult":{"itemsCount":500,"columns":["Accelerometer X","Accelerometer Y","Accelerometer Z","Gyroscope X","Gyroscope Y","Gyroscope Z"],"dataURL":"file:\/\/\/Users\/ekirifaldi\/Documents\/Apple%20Academy%20Project\/MC3\/CreateML\/train\/","columnTypes":["Double","Double","Double","Double","Double","Double"],"classesCount":2,"dataSourceID":"D2A65C33-6947-46CF-84EB-6B59E9DAE856","analysis":{"summary":{"sampleCount":500,"classCount":2,"canUseValidation":1},"issues":[{"description":"2 classes found, including lob_betul, lob_salah","severity":"info"},{"description":"500 activity recording files found, automatically creating validation set","severity":"good"},{"description":"Smallest class is \"lob_salah\" with 250 activity recording files","severity":"warning"},{"description":"Largest class is \"lob_betul\" with 250 activity recording files","severity":"info"},{"description":"6 feature columns are selected","severity":"good"}],"classifierAnalysis":{"columns":[],"vizualizerSpec":"","labelStats":{"lob_salah":250,"lob_betul":250}}},"columnValues":["-0,03, -0,03, -0,03, -0,03, -0,04…","-0,01, -0,00, 0,01, 0,03, 0,04…","-0,02, -0,03, -0,05, -0,07, -0,12…","-0,01, 0,01, 0,08, 0,17, 0,31…","-0,07, -0,07, -0,07, -0,06, -0,06…","-0,22, -0,23, -0,24, -0,26, -0,29…"]},"analysedDataType":"choose","recipeValidationResults":{"activityClassifier":{"confusionMatrix":[{"expected":"lob_betul","actual":"lob_betul","count":1074},{"expected":"lob_betul","actual":"lob_salah","count":222},{"expected":"lob_salah","actual":"lob_salah","count":372}],"statsByLabel":{"lob_salah":{"count":594,"precisionRecall":{"success":{"recall":0.6262626262626263,"precision":1}}},"lob_betul":{"count":1074,"precisionRecall":{"success":{"recall":1,"precision":0.82870370370370372}}}},"accuracy":0.86690647482014394}},"validationAccuracy":0.86690647482014394,"startTime":617613991.42452705,"progress":[{"isLast":false,"currentRowIndex":0,"count":1,"tableDone":false,"acColumnHeader":{"hasValidation":true,"elapsedTime":0.53921700000000006,"trainingAccuracy":0.42707225680351257,"iterationCount":1,"validationAccuracy":0.54376500844955444},"tableIndex":0,"percentComplete":100},{"isLast":false,"currentRowIndex":1,"count":2,"tableDone":false,"acColumnHeader":{"hasValidation":true,"elapsedTime":0.84437799999999996,"trainingAccuracy":0.56649255752563477,"iterationCount":2,"validationAccuracy":0.79616308212280273},"tableIndex":0,"percentComplete":200},{"isLast":false,"currentRowIndex":2,"count":3,"tableDone":false,"acColumnHeader":{"hasValidation":true,"elapsedTime":1.1386989999999999,"trainingAccuracy":0.56072568893432617,"iterationCount":3,"validationAccuracy":0.84592324495315552},"tableIndex":0,"percentComplete":300},{"isLast":false,"currentRowIndex":3,"count":4,"tableDone":false,"acColumnHeader":{"hasValidation":true,"elapsedTime":1.427519,"trainingAccuracy":0.59809917211532593,"iterationCount":4,"validationAccuracy":0.86031174659729004},"tableIndex":0,"percentComplete":400},{"isLast":false,"currentRowIndex":4,"count":5,"tableDone":false,"acColumnHeader":{"hasValidation":true,"elapsedTime":1.7318959999999999,"trainingAccuracy":0.63980394601821899,"iterationCount":5,"validationAccuracy":0.86450839042663574},"tableIndex":0,"percentComplete":500},{"isLast":false,"currentRowIndex":5,"count":6,"tableDone":false,"acColumnHeader":{"hasValidation":true,"elapsedTime":2.0298919999999998,"trainingAccuracy":0.6769794225692749,"iterationCount":6,"validationAccuracy":0.88249403238296509},"tableIndex":0,"percentComplete":600},{"isLast":false,"currentRowIndex":6,"count":11,"tableDone":false,"acColumnHeader":{"hasValidation":true,"elapsedTime":3.508426,"trainingAccuracy":0.96025049686431885,"iterationCount":11,"validationAccuracy":0.91726619005203247},"tableIndex":0,"percentComplete":1100},{"isLast":false,"currentRowIndex":7,"count":26,"tableDone":false,"acColumnHeader":{"hasValidation":true,"elapsedTime":7.9073500000000001,"trainingAccuracy":0.98742669820785522,"iterationCount":26,"validationAccuracy":0.89748203754425049},"tableIndex":0,"percentComplete":2600},{"isLast":false,"currentRowIndex":8,"count":30,"tableDone":false,"acColumnHeader":{"hasValidation":true,"elapsedTime":9.1098079999999992,"trainingAccuracy":0.98891168832778931,"iterationCount":30,"validationAccuracy":0.86690646409988403},"tableIndex":0,"percentComplete":3000},{"isLast":true,"currentRowIndex":8,"count":30,"tableDone":true,"acColumnHeader":{"hasValidation":true,"elapsedTime":9.1098079999999992,"trainingAccuracy":0.98891168832778931,"iterationCount":30,"validationAccuracy":0.86690646409988403},"tableIndex":0,"percentComplete":3000}],"trainingAccuracy":0.83268569165656015},"createdDate":"2020-07-28 15:18:57","transientEvaluationState":"none","evaluationState":"evaluated","title":"BadmintonActivityClassifier 1- 190 vs 9 -3 copy","evaluationEntity":{"finishTime":617614031.92046499,"result":{"activityClassifier":{"statsByLabel":{"lob_salah":{"count":179,"precisionRecall":{"success":{"recall":0.42458100558659218,"precision":0.94999999999999996}}},"lob_betul":{"count":184,"precisionRecall":{"success":{"recall":0.97826086956521741,"precision":0.63604240282685509}}}},"accuracy":0.70523415977961434}},"dataResult":{"itemsCount":20,"columns":["Accelerometer X","Accelerometer Y","Accelerometer Z","Gyroscope X","Gyroscope Y","Gyroscope Z"],"dataURL":"file:\/\/\/Users\/ekirifaldi\/Documents\/Apple%20Academy%20Project\/MC3\/CreateML\/test\/","columnTypes":["Double","Double","Double","Double","Double","Double"],"classesCount":2,"dataSourceID":"53E4F186-18ED-4772-B99D-A721782F81ED","analysis":{"summary":{"canUseValidation":0,"classCount":2,"sampleCount":20},"issues":[{"description":"2 classes found, including lob_salah, lob_betul","severity":"info"},{"description":"Less than 100 total activity recording files found - add more to improve model validation","severity":"warning"},{"description":"Smallest class is \"lob_betul\" with 10 activity recording files","severity":"warning"},{"description":"Largest class is \"lob_salah\" with 10 activity recording files","severity":"info"},{"description":"6 feature columns are selected","severity":"good"}],"classifierAnalysis":{"columns":[],"vizualizerSpec":"","labelStats":{"lob_salah":10,"lob_betul":10}}},"columnValues":["-0,08, -0,11, -0,15, -0,19, -0,23…","0,02, -0,01, -0,03, -0,03, -0,08…","0,07, 0,11, 0,11, 0,13, 0,19…","-1,18, -1,28, -1,22, -1,09, -1,00…","0,60, 0,67, 0,74, 0,81, 0,94…","0,19, 0,24, 0,25, 0,25, 0,22…"]},"analysedDataType":"none","accuracy":0.70523415977961434,"startTime":617614026.92171896,"trainedEvaluationURL":"file:\/\/\/Users\/ekirifaldi\/Documents\/Apple%20Academy%20Project\/MC3\/CreateML\/test\/","trainedEvaluationItemCount":20},"modifiedDate":"2020-08-10 16:39:59","transientState":"none","preferredFilename":"BadmintonActivityClassifier 1- 190 vs 9 -4"}