{"id":"0644A375-D3B9-4CB0-A6C5-21C3BDB6187B","validationEntity":{"analysedDataType":"auto","dataResult":{}},"modelEntity":{"modelURL":"Models\/BadmintonActivityClassifier%201-%20190%20vs%209%20-3.mlmodel"},"version":"1.0","settingEntity":{"augmentations":[],"suggestedColumns":["Accelerometer X","Accelerometer Y","Accelerometer Z","Gyroscope X","Gyroscope Y","Gyroscope Z"],"seedType":"default","transferLearningEmbeddingType":"dynamic","featureNames":["Accelerometer X","Accelerometer Y","Accelerometer Z","Gyroscope X","Gyroscope Y","Gyroscope Z"],"algorithmType":"maxEnt","suggestedColumnValues":["-0,03, -0,03, -0,03, -0,03, -0,04…","-0,01, -0,00, 0,01, 0,03, 0,04…","-0,02, -0,03, -0,05, -0,07, -0,12…","-0,01, 0,01, 0,08, 0,17, 0,31…","-0,07, -0,07, -0,07, -0,06, -0,06…","-0,22, -0,23, -0,24, -0,26, -0,29…"],"generalClassifierType":{"auto":{}},"suggestedColumnTypes":["Double","Double","Double","Double","Double","Double"],"generalRegressorType":{"auto":{}},"sampleRate":75,"predictionWindowSize":6,"iterationCount":30,"batchSize":64},"state":"trained","trainingEntity":{"finishTime":617550951.65781403,"recipeTrainingResults":{"activityClassifier":{"confusionMatrix":[{"expected":"lob_betul","actual":"lob_betul","count":16650},{"expected":"lob_salah","actual":"lob_betul","count":42},{"expected":"lob_betul","actual":"lob_salah","count":1943},{"expected":"lob_salah","actual":"lob_salah","count":11455}],"statsByLabel":{"lob_salah":{"count":13398,"precisionRecall":{"success":{"recall":0.85497835497835495,"precision":0.99634687309732972}}},"lob_betul":{"count":16692,"precisionRecall":{"success":{"recall":0.99748382458662832,"precision":0.89549830581401602}}}},"accuracy":0.93403123961448986}},"dataResult":{"itemsCount":383,"columns":["Accelerometer X","Accelerometer Y","Accelerometer Z","Gyroscope X","Gyroscope Y","Gyroscope Z"],"dataURL":"file:\/\/\/Users\/ekirifaldi\/Documents\/Apple%20Academy%20Project\/MC3\/CreateML\/train\/","columnTypes":["Double","Double","Double","Double","Double","Double"],"classesCount":2,"dataSourceID":"D2A65C33-6947-46CF-84EB-6B59E9DAE856","analysis":{"summary":{"sampleCount":383,"classCount":2,"canUseValidation":1},"issues":[{"description":"2 classes found, including lob_betul, lob_salah","severity":"info"},{"description":"383 activity recording files found, automatically creating validation set","severity":"good"},{"description":"Smallest class is \"lob_salah\" with 191 activity recording files","severity":"warning"},{"description":"Largest class is \"lob_betul\" with 192 activity recording files","severity":"info"},{"description":"6 feature columns are selected","severity":"good"}],"classifierAnalysis":{"columns":[],"vizualizerSpec":"","labelStats":{"lob_salah":191,"lob_betul":192}}},"columnValues":["-0,03, -0,03, -0,03, -0,03, -0,04…","-0,01, -0,00, 0,01, 0,03, 0,04…","-0,02, -0,03, -0,05, -0,07, -0,12…","-0,01, 0,01, 0,08, 0,17, 0,31…","-0,07, -0,07, -0,07, -0,06, -0,06…","-0,22, -0,23, -0,24, -0,26, -0,29…"]},"analysedDataType":"choose","recipeValidationResults":{"activityClassifier":{"confusionMatrix":[{"expected":"lob_betul","actual":"lob_betul","count":444},{"expected":"lob_betul","actual":"lob_salah","count":120},{"expected":"lob_salah","actual":"lob_salah","count":516}],"statsByLabel":{"lob_salah":{"count":636,"precisionRecall":{"success":{"recall":0.81132075471698117,"precision":1}}},"lob_betul":{"count":444,"precisionRecall":{"success":{"recall":1,"precision":0.78723404255319152}}}},"accuracy":0.88888888888888884}},"validationAccuracy":0.88888888888888884,"startTime":617550930.30386603,"progress":[{"isLast":false,"currentRowIndex":0,"count":1,"tableDone":false,"acColumnHeader":{"hasValidation":true,"elapsedTime":0.72550599999999998,"trainingAccuracy":0.42977732419967651,"iterationCount":1,"validationAccuracy":0.59722220897674561},"tableIndex":0,"percentComplete":100},{"isLast":false,"currentRowIndex":1,"count":2,"tableDone":false,"acColumnHeader":{"hasValidation":true,"elapsedTime":0.95816000000000001,"trainingAccuracy":0.56939184665679932,"iterationCount":2,"validationAccuracy":0.66481482982635498},"tableIndex":0,"percentComplete":200},{"isLast":false,"currentRowIndex":2,"count":3,"tableDone":false,"acColumnHeader":{"hasValidation":true,"elapsedTime":1.189638,"trainingAccuracy":0.59677636623382568,"iterationCount":3,"validationAccuracy":0.86481481790542603},"tableIndex":0,"percentComplete":300},{"isLast":false,"currentRowIndex":3,"count":4,"tableDone":false,"acColumnHeader":{"hasValidation":true,"elapsedTime":1.4197569999999999,"trainingAccuracy":0.61319375038146973,"iterationCount":4,"validationAccuracy":0.93148148059844971},"tableIndex":0,"percentComplete":400},{"isLast":false,"currentRowIndex":4,"count":5,"tableDone":false,"acColumnHeader":{"hasValidation":true,"elapsedTime":1.6509529999999999,"trainingAccuracy":0.66444003582000732,"iterationCount":5,"validationAccuracy":0.90925925970077515},"tableIndex":0,"percentComplete":500},{"isLast":false,"currentRowIndex":5,"count":6,"tableDone":false,"acColumnHeader":{"hasValidation":true,"elapsedTime":1.879964,"trainingAccuracy":0.69544696807861328,"iterationCount":6,"validationAccuracy":0.92129629850387573},"tableIndex":0,"percentComplete":600},{"isLast":false,"currentRowIndex":6,"count":11,"tableDone":false,"acColumnHeader":{"hasValidation":true,"elapsedTime":3.035199,"trainingAccuracy":0.94044530391693115,"iterationCount":11,"validationAccuracy":0.94444441795349121},"tableIndex":0,"percentComplete":1100},{"isLast":false,"currentRowIndex":7,"count":26,"tableDone":false,"acColumnHeader":{"hasValidation":true,"elapsedTime":6.5052719999999997,"trainingAccuracy":0.98943167924880981,"iterationCount":26,"validationAccuracy":0.8888888955116272},"tableIndex":0,"percentComplete":2600},{"isLast":false,"currentRowIndex":8,"count":30,"tableDone":false,"acColumnHeader":{"hasValidation":true,"elapsedTime":7.4303949999999999,"trainingAccuracy":0.98883348703384399,"iterationCount":30,"validationAccuracy":0.8888888955116272},"tableIndex":0,"percentComplete":3000},{"isLast":true,"currentRowIndex":8,"count":30,"tableDone":true,"acColumnHeader":{"hasValidation":true,"elapsedTime":7.4303949999999999,"trainingAccuracy":0.98883348703384399,"iterationCount":30,"validationAccuracy":0.8888888955116272},"tableIndex":0,"percentComplete":3000}],"trainingAccuracy":0.93403123961448986},"createdDate":"2020-07-27 21:55:12","transientEvaluationState":"none","evaluationState":"evaluated","title":"BadmintonActivityClassifier 1- 190 vs 9 -2 copy","evaluationEntity":{"finishTime":617550957.33430505,"result":{"activityClassifier":{"statsByLabel":{"lob_salah":{"count":100,"precisionRecall":{"success":{"recall":0.89000000000000001,"precision":1}}},"lob_betul":{"count":122,"precisionRecall":{"success":{"recall":1,"precision":0.91729323308270672}}}},"accuracy":0.9504504504504504}},"dataResult":{"itemsCount":18,"columns":["Accelerometer X","Accelerometer Y","Accelerometer Z","Gyroscope X","Gyroscope Y","Gyroscope Z"],"dataURL":"file:\/\/\/Users\/ekirifaldi\/Documents\/Apple%20Academy%20Project\/MC3\/CreateML\/test\/","columnTypes":["Double","Double","Double","Double","Double","Double"],"classesCount":2,"dataSourceID":"53E4F186-18ED-4772-B99D-A721782F81ED","analysis":{"summary":{"sampleCount":18,"classCount":2,"canUseValidation":0},"issues":[{"description":"2 classes found, including lob_betul, lob_salah","severity":"info"},{"description":"Less than 100 total activity recording files found - add more to improve model validation","severity":"warning"},{"description":"Smallest class is \"lob_salah\" with 9 activity recording files","severity":"warning"},{"description":"Largest class is \"lob_betul\" with 9 activity recording files","severity":"info"},{"description":"6 feature columns are selected","severity":"good"}],"classifierAnalysis":{"columns":[],"vizualizerSpec":"","labelStats":{"lob_salah":9,"lob_betul":9}}},"columnValues":["-0,05, -0,06, -0,08, -0,13, -0,17…","-0,02, -0,02, -0,04, -0,08, -0,09…","0,04, 0,03, 0,03, 0,05, 0,06…","-0,05, 0,01, 0,02, -0,10, -0,30…","-0,20, -0,17, -0,20, -0,17, -0,23…","0,07, 0,06, 0,05, 0,05, 0,06…"]},"analysedDataType":"none","accuracy":0.9504504504504504,"startTime":617550953.72061801,"trainedEvaluationURL":"file:\/\/\/Users\/ekirifaldi\/Documents\/Apple%20Academy%20Project\/MC3\/CreateML\/test\/","trainedEvaluationItemCount":18},"modifiedDate":"2020-08-13 19:38:08","transientState":"none","preferredFilename":"BadmintonActivityClassifier 1- 190 vs 9 -3"}