{"id":"72826456-6814-4851-AB44-41DA7A93E074","validationEntity":{"analysedDataType":"auto","dataResult":{}},"modelEntity":{"modelURL":"Models\/BadmintonActivityClassifier%201-%20100%20pws.mlmodel"},"version":"1.0","settingEntity":{"augmentations":[],"suggestedColumns":["Accelerometer X","Accelerometer Y","Accelerometer Z","Gyroscope X","Gyroscope Y","Gyroscope Z"],"seedType":"default","transferLearningEmbeddingType":"dynamic","featureNames":["Accelerometer X","Accelerometer Y","Accelerometer Z","Gyroscope X","Gyroscope Y","Gyroscope Z"],"algorithmType":"maxEnt","suggestedColumnValues":["-0,03, -0,03, -0,03, -0,03, -0,04…","-0,01, -0,00, 0,01, 0,03, 0,04…","-0,02, -0,03, -0,05, -0,07, -0,12…","-0,01, 0,01, 0,08, 0,17, 0,31…","-0,07, -0,07, -0,07, -0,06, -0,06…","-0,22, -0,23, -0,24, -0,26, -0,29…"],"generalClassifierType":{"auto":{}},"suggestedColumnTypes":["Double","Double","Double","Double","Double","Double"],"generalRegressorType":{"auto":{}},"sampleRate":75,"predictionWindowSize":100,"iterationCount":30,"batchSize":64},"state":"trained","trainingEntity":{"progress":[{"isLast":false,"currentRowIndex":0,"count":1,"tableDone":false,"acColumnHeader":{"hasValidation":true,"elapsedTime":1.2015849999999999,"trainingAccuracy":0.47452956438064575,"iterationCount":1,"validationAccuracy":0.86496239900588989},"tableIndex":0,"percentComplete":100},{"isLast":false,"currentRowIndex":1,"count":2,"tableDone":false,"acColumnHeader":{"hasValidation":true,"elapsedTime":2.1463220000000001,"trainingAccuracy":0.72010505199432373,"iterationCount":2,"validationAccuracy":0.88872182369232178},"tableIndex":0,"percentComplete":200},{"isLast":false,"currentRowIndex":2,"count":3,"tableDone":false,"acColumnHeader":{"hasValidation":true,"elapsedTime":3.0824280000000002,"trainingAccuracy":0.68281447887420654,"iterationCount":3,"validationAccuracy":1},"tableIndex":0,"percentComplete":300},{"isLast":false,"currentRowIndex":3,"count":4,"tableDone":false,"acColumnHeader":{"hasValidation":true,"elapsedTime":4.0115860000000003,"trainingAccuracy":0.85116046667098999,"iterationCount":4,"validationAccuracy":1},"tableIndex":0,"percentComplete":400},{"isLast":false,"currentRowIndex":4,"count":5,"tableDone":false,"acColumnHeader":{"hasValidation":true,"elapsedTime":4.9516260000000001,"trainingAccuracy":0.92070358991622925,"iterationCount":5,"validationAccuracy":1},"tableIndex":0,"percentComplete":500},{"isLast":false,"currentRowIndex":5,"count":6,"tableDone":false,"acColumnHeader":{"hasValidation":true,"elapsedTime":5.8787279999999997,"trainingAccuracy":0.93842309713363647,"iterationCount":6,"validationAccuracy":1},"tableIndex":0,"percentComplete":600},{"isLast":false,"currentRowIndex":6,"count":11,"tableDone":false,"acColumnHeader":{"hasValidation":true,"elapsedTime":10.543627000000001,"trainingAccuracy":0.97995519638061523,"iterationCount":11,"validationAccuracy":1},"tableIndex":0,"percentComplete":1100},{"isLast":false,"currentRowIndex":7,"count":16,"tableDone":false,"acColumnHeader":{"hasValidation":true,"elapsedTime":15.199471000000001,"trainingAccuracy":0.99373465776443481,"iterationCount":16,"validationAccuracy":1},"tableIndex":0,"percentComplete":1600},{"isLast":false,"currentRowIndex":8,"count":21,"tableDone":false,"acColumnHeader":{"hasValidation":true,"elapsedTime":19.845704999999999,"trainingAccuracy":0.9979977011680603,"iterationCount":21,"validationAccuracy":1},"tableIndex":0,"percentComplete":2100},{"isLast":false,"currentRowIndex":9,"count":26,"tableDone":false,"acColumnHeader":{"hasValidation":true,"elapsedTime":24.500509000000001,"trainingAccuracy":0.99814838171005249,"iterationCount":26,"validationAccuracy":1},"tableIndex":0,"percentComplete":2600},{"isLast":false,"currentRowIndex":10,"count":30,"tableDone":false,"acColumnHeader":{"hasValidation":true,"elapsedTime":28.205131999999999,"trainingAccuracy":0.99614608287811279,"iterationCount":30,"validationAccuracy":1},"tableIndex":0,"percentComplete":3000},{"isLast":true,"currentRowIndex":10,"count":30,"tableDone":true,"acColumnHeader":{"hasValidation":true,"elapsedTime":28.205131999999999,"trainingAccuracy":0.99614608287811279,"iterationCount":30,"validationAccuracy":1},"tableIndex":0,"percentComplete":3000}],"recipeTrainingResults":{"activityClassifier":{"confusionMatrix":[{"expected":"lob_betul","actual":"lob_betul","count":25333},{"expected":"lob_salah","actual":"lob_betul","count":83},{"expected":"lob_betul","actual":"lob_salah","count":191},{"expected":"lob_salah","actual":"lob_salah","count":20839}],"statsByLabel":{"lob_salah":{"count":21030,"precisionRecall":{"success":{"recall":0.99091773656680937,"precision":0.99603288404550239}}},"lob_betul":{"count":25416,"precisionRecall":{"success":{"recall":0.99673434057286747,"precision":0.99251684688920228}}}},"accuracy":0.99410067605391206}},"recipeValidationResults":{"activityClassifier":{"confusionMatrix":[{"expected":"lob_betul","actual":"lob_betul","count":2252},{"expected":"lob_salah","actual":"lob_salah","count":1073}],"statsByLabel":{"lob_salah":{"count":1073,"precisionRecall":{"success":{"recall":1,"precision":1}}},"lob_betul":{"count":2252,"precisionRecall":{"success":{"recall":1,"precision":1}}}},"accuracy":1}},"dataResult":{"itemsCount":600,"columns":["Accelerometer X","Accelerometer Y","Accelerometer Z","Gyroscope X","Gyroscope Y","Gyroscope Z"],"dataURL":"file:\/\/\/Users\/ekirifaldi\/Documents\/Apple%20Academy%20Project\/MC3\/CreateML\/train\/","columnTypes":["Double","Double","Double","Double","Double","Double"],"classesCount":2,"dataSourceID":"D2A65C33-6947-46CF-84EB-6B59E9DAE856","analysis":{"summary":{"sampleCount":600,"classCount":2,"canUseValidation":1},"issues":[{"description":"2 classes found, including lob_betul, lob_salah","severity":"info"},{"description":"600 activity recording files found, automatically creating validation set","severity":"good"},{"description":"Smallest class is \"lob_salah\" with 300 activity recording files","severity":"warning"},{"description":"Largest class is \"lob_betul\" with 300 activity recording files","severity":"info"},{"description":"6 feature columns are selected","severity":"good"}],"classifierAnalysis":{"columns":[],"vizualizerSpec":"","labelStats":{"lob_salah":300,"lob_betul":300}}},"columnValues":["-0,03, -0,03, -0,03, -0,03, -0,04…","-0,01, -0,00, 0,01, 0,03, 0,04…","-0,02, -0,03, -0,05, -0,07, -0,12…","-0,01, 0,01, 0,08, 0,17, 0,31…","-0,07, -0,07, -0,07, -0,06, -0,06…","-0,22, -0,23, -0,24, -0,26, -0,29…"]},"duration":49,"analysedDataType":"choose","validationAccuracy":1,"startTime":618575798.10406697,"trainingAccuracy":0.99410067605391206,"finishTime":618575847.93237197},"createdDate":"2020-08-08 18:36:07","transientEvaluationState":"none","evaluationState":"evaluated","title":"BadmintonActivityClassifier 1- 190 vs 9 - 7 copy","evaluationEntity":{"finishTime":618575852.01400399,"result":{"activityClassifier":{"statsByLabel":{"lob_salah":{"count":10,"precisionRecall":{"success":{"recall":1,"precision":1}}},"lob_betul":{"count":11,"precisionRecall":{"success":{"recall":1,"precision":1}}}},"accuracy":1}},"dataResult":{"itemsCount":20,"columns":["Accelerometer X","Accelerometer Y","Accelerometer Z","Gyroscope X","Gyroscope Y","Gyroscope Z"],"dataURL":"file:\/\/\/Users\/ekirifaldi\/Documents\/Apple%20Academy%20Project\/MC3\/CreateML\/test\/","columnTypes":["Double","Double","Double","Double","Double","Double"],"classesCount":2,"dataSourceID":"53E4F186-18ED-4772-B99D-A721782F81ED","analysis":{"summary":{"canUseValidation":0,"classCount":2,"sampleCount":20},"issues":[{"description":"2 classes found, including lob_betul, lob_salah","severity":"info"},{"description":"Less than 100 total activity recording files found - add more to improve model validation","severity":"warning"},{"description":"Smallest class is \"lob_salah\" with 10 activity recording files","severity":"warning"},{"description":"Largest class is \"lob_betul\" with 10 activity recording files","severity":"info"},{"description":"6 feature columns are selected","severity":"good"}],"classifierAnalysis":{"columns":[],"vizualizerSpec":"","labelStats":{"lob_salah":10,"lob_betul":10}}},"columnValues":["-0,19, -0,28, -0,34, -0,42, -0,45…","0,15, 0,14, 0,08, 0,04, 0,03…","-0,13, -0,21, -0,24, -0,20, -0,18…","-0,73, -0,74, -0,81, -0,96, -0,99…","-0,21, -0,11, 0,05, 0,32, 0,66…","0,25, 0,32, 0,34, 0,32, 0,24…"]},"analysedDataType":"none","accuracy":1,"startTime":618575850.00102305,"trainedEvaluationURL":"file:\/\/\/Users\/ekirifaldi\/Documents\/Apple%20Academy%20Project\/MC3\/CreateML\/test\/","trainedEvaluationItemCount":20},"modifiedDate":"2020-08-13 19:35:39","transientState":"none","preferredFilename":"BadmintonActivityClassifier 1- 100 pws"}