{"id":"EC269A04-4F6D-42EF-9333-31EF28AD31EF","validationEntity":{"analysedDataType":"auto","dataResult":{}},"modelEntity":{"modelURL":"Models\/BadmintonActivityClassifier%201-%2030%20pws%2030.mlmodel"},"version":"1.0","settingEntity":{"augmentations":[],"suggestedColumns":["Accelerometer X","Accelerometer Y","Accelerometer Z","Gyroscope X","Gyroscope Y","Gyroscope Z"],"seedType":"default","transferLearningEmbeddingType":"dynamic","featureNames":["Accelerometer X","Accelerometer Y","Accelerometer Z","Gyroscope X","Gyroscope Y","Gyroscope Z"],"algorithmType":"maxEnt","suggestedColumnValues":["-0,03, -0,03, -0,03, -0,03, -0,04…","-0,01, -0,00, 0,01, 0,03, 0,04…","-0,02, -0,03, -0,05, -0,07, -0,12…","-0,01, 0,01, 0,08, 0,17, 0,31…","-0,07, -0,07, -0,07, -0,06, -0,06…","-0,22, -0,23, -0,24, -0,26, -0,29…"],"generalClassifierType":{"auto":{}},"suggestedColumnTypes":["Double","Double","Double","Double","Double","Double"],"generalRegressorType":{"auto":{}},"sampleRate":10,"predictionWindowSize":30,"iterationCount":30,"batchSize":64},"state":"trained","trainingEntity":{"finishTime":618819760.95114398,"recipeTrainingResults":{"activityClassifier":{"confusionMatrix":[{"expected":"lob_betul","actual":"lob_betul","count":25814},{"expected":"lob_salah","actual":"lob_betul","count":83},{"expected":"lob_betul","actual":"lob_salah","count":2091},{"expected":"lob_salah","actual":"lob_salah","count":19232}],"statsByLabel":{"lob_salah":{"count":21323,"precisionRecall":{"success":{"recall":0.9019368756741547,"precision":0.99570282164121149}}},"lob_betul":{"count":25897,"precisionRecall":{"success":{"recall":0.99679499555933115,"precision":0.92506719225945166}}}},"accuracy":0.95396018636171109}},"dataResult":{"itemsCount":600,"columns":["Accelerometer X","Accelerometer Y","Accelerometer Z","Gyroscope X","Gyroscope Y","Gyroscope Z"],"dataURL":"file:\/\/\/Users\/ekirifaldi\/Documents\/Apple%20Academy%20Project\/MC3\/CreateML\/train\/","columnTypes":["Double","Double","Double","Double","Double","Double"],"classesCount":2,"dataSourceID":"D2A65C33-6947-46CF-84EB-6B59E9DAE856","analysis":{"summary":{"sampleCount":600,"classCount":2,"canUseValidation":1},"issues":[{"description":"2 classes found, including lob_betul, lob_salah","severity":"info"},{"description":"600 activity recording files found, automatically creating validation set","severity":"good"},{"description":"Smallest class is \"lob_salah\" with 300 activity recording files","severity":"warning"},{"description":"Largest class is \"lob_betul\" with 300 activity recording files","severity":"info"},{"description":"6 feature columns are selected","severity":"good"}],"classifierAnalysis":{"columns":[],"vizualizerSpec":"","labelStats":{"lob_salah":300,"lob_betul":300}}},"columnValues":["-0,03, -0,03, -0,03, -0,03, -0,04…","-0,01, -0,00, 0,01, 0,03, 0,04…","-0,02, -0,03, -0,05, -0,07, -0,12…","-0,01, 0,01, 0,08, 0,17, 0,31…","-0,07, -0,07, -0,07, -0,06, -0,06…","-0,22, -0,23, -0,24, -0,26, -0,29…"]},"analysedDataType":"choose","recipeValidationResults":{"activityClassifier":{"confusionMatrix":[{"expected":"lob_betul","actual":"lob_betul","count":1741},{"expected":"lob_salah","actual":"lob_betul","count":30},{"expected":"lob_betul","actual":"lob_salah","count":120},{"expected":"lob_salah","actual":"lob_salah","count":660}],"statsByLabel":{"lob_salah":{"count":780,"precisionRecall":{"success":{"recall":0.84615384615384615,"precision":0.95652173913043481}}},"lob_betul":{"count":1771,"precisionRecall":{"success":{"recall":0.98306041784302656,"precision":0.93551853842020416}}}},"accuracy":0.94119952959623676}},"validationAccuracy":0.94119952959623676,"startTime":618819728.31171,"progress":[{"isLast":false,"currentRowIndex":0,"count":1,"tableDone":false,"acColumnHeader":{"hasValidation":true,"elapsedTime":0.60655100000000006,"trainingAccuracy":0.37918254733085632,"iterationCount":1,"validationAccuracy":0.30576243996620178},"tableIndex":0,"percentComplete":100},{"isLast":false,"currentRowIndex":1,"count":2,"tableDone":false,"acColumnHeader":{"hasValidation":true,"elapsedTime":0.95543800000000001,"trainingAccuracy":0.69644218683242798,"iterationCount":2,"validationAccuracy":0.69423753023147583},"tableIndex":0,"percentComplete":200},{"isLast":false,"currentRowIndex":2,"count":3,"tableDone":false,"acColumnHeader":{"hasValidation":true,"elapsedTime":1.2899959999999999,"trainingAccuracy":0.56084287166595459,"iterationCount":3,"validationAccuracy":0.75774204730987549},"tableIndex":0,"percentComplete":300},{"isLast":false,"currentRowIndex":3,"count":4,"tableDone":false,"acColumnHeader":{"hasValidation":true,"elapsedTime":1.629804,"trainingAccuracy":0.60421431064605713,"iterationCount":4,"validationAccuracy":0.82712662220001221},"tableIndex":0,"percentComplete":400},{"isLast":false,"currentRowIndex":4,"count":5,"tableDone":false,"acColumnHeader":{"hasValidation":true,"elapsedTime":1.9699739999999999,"trainingAccuracy":0.75324016809463501,"iterationCount":5,"validationAccuracy":0.86789494752883911},"tableIndex":0,"percentComplete":500},{"isLast":false,"currentRowIndex":5,"count":6,"tableDone":false,"acColumnHeader":{"hasValidation":true,"elapsedTime":2.3084440000000002,"trainingAccuracy":0.73479455709457397,"iterationCount":6,"validationAccuracy":0.87377500534057617},"tableIndex":0,"percentComplete":600},{"isLast":false,"currentRowIndex":6,"count":11,"tableDone":false,"acColumnHeader":{"hasValidation":true,"elapsedTime":3.9992640000000002,"trainingAccuracy":0.97020328044891357,"iterationCount":11,"validationAccuracy":0.94119954109191895},"tableIndex":0,"percentComplete":1100},{"isLast":false,"currentRowIndex":7,"count":21,"tableDone":false,"acColumnHeader":{"hasValidation":true,"elapsedTime":7.3634930000000001,"trainingAccuracy":0.99324440956115723,"iterationCount":21,"validationAccuracy":0.94119954109191895},"tableIndex":0,"percentComplete":2100},{"isLast":false,"currentRowIndex":8,"count":30,"tableDone":false,"acColumnHeader":{"hasValidation":true,"elapsedTime":10.384938,"trainingAccuracy":0.99745869636535645,"iterationCount":30,"validationAccuracy":0.94119954109191895},"tableIndex":0,"percentComplete":3000},{"isLast":true,"currentRowIndex":8,"count":30,"tableDone":true,"acColumnHeader":{"hasValidation":true,"elapsedTime":10.384938,"trainingAccuracy":0.99745869636535645,"iterationCount":30,"validationAccuracy":0.94119954109191895},"tableIndex":0,"percentComplete":3000}],"trainingAccuracy":0.95396018636171109},"createdDate":"2020-08-11 14:20:07","transientEvaluationState":"none","evaluationState":"evaluated","title":"BadmintonActivityClassifier 1- 80 pws 100 max Itera copy","evaluationEntity":{"finishTime":618819765.63779402,"result":{"activityClassifier":{"statsByLabel":{"lob_salah":{"count":29,"precisionRecall":{"success":{"recall":0.86206896551724133,"precision":0.96153846153846156}}},"lob_betul":{"count":34,"precisionRecall":{"success":{"recall":0.97058823529411764,"precision":0.89189189189189189}}}},"accuracy":0.92063492063492058}},"dataResult":{"itemsCount":20,"columns":["Accelerometer X","Accelerometer Y","Accelerometer Z","Gyroscope X","Gyroscope Y","Gyroscope Z"],"dataURL":"file:\/\/\/Users\/ekirifaldi\/Documents\/Apple%20Academy%20Project\/MC3\/CreateML\/test\/","columnTypes":["Double","Double","Double","Double","Double","Double"],"classesCount":2,"dataSourceID":"53E4F186-18ED-4772-B99D-A721782F81ED","analysis":{"summary":{"canUseValidation":0,"classCount":2,"sampleCount":20},"issues":[{"description":"2 classes found, including lob_betul, lob_salah","severity":"info"},{"description":"Less than 100 total activity recording files found - add more to improve model validation","severity":"warning"},{"description":"Smallest class is \"lob_salah\" with 10 activity recording files","severity":"warning"},{"description":"Largest class is \"lob_betul\" with 10 activity recording files","severity":"info"},{"description":"6 feature columns are selected","severity":"good"}],"classifierAnalysis":{"columns":[],"vizualizerSpec":"","labelStats":{"lob_salah":10,"lob_betul":10}}},"columnValues":["-0,29, -0,26, -0,23, -0,17, -0,14…","0,14, 0,15, 0,09, -0,05, -0,06…","-0,07, -0,06, -0,02, -0,05, -0,20…","-0,57, -0,91, -1,10, -0,92, -0,35…","0,44, 0,46, 0,50, 0,67, 0,85…","0,47, 0,64, 0,61, 0,54, 0,33…"]},"analysedDataType":"none","accuracy":0.92063492063492058,"startTime":618819763.24135602,"trainedEvaluationURL":"file:\/\/\/Users\/ekirifaldi\/Documents\/Apple%20Academy%20Project\/MC3\/CreateML\/test\/","trainedEvaluationItemCount":20},"modifiedDate":"2020-08-13 13:17:26","transientState":"none","preferredFilename":"BadmintonActivityClassifier 1- 30 pws 30"}