{"id":"C6B8BFBE-3A47-4E64-B058-A65400F9C52C","validationEntity":{"analysedDataType":"auto","dataResult":{}},"modelEntity":{"modelURL":"Models\/BadmintonActivityClassifier%201-%2080%20pws.mlmodel"},"version":"1.0","settingEntity":{"augmentations":[],"suggestedColumns":["Accelerometer X","Accelerometer Y","Accelerometer Z","Gyroscope X","Gyroscope Y","Gyroscope Z"],"seedType":"default","transferLearningEmbeddingType":"dynamic","featureNames":["Accelerometer X","Accelerometer Y","Accelerometer Z","Gyroscope X","Gyroscope Y","Gyroscope Z"],"algorithmType":"maxEnt","suggestedColumnValues":["-0,08, -0,08, -0,09, -0,12, -0,15…","-0,08, -0,10, -0,17, -0,17, -0,13…","0,00, -0,01, 0,00, -0,03, -0,05…","-0,34, -0,35, -0,48, -0,53, -0,46…","0,01, -0,04, -0,05, -0,06, -0,07…","-0,03, -0,05, -0,08, -0,14, -0,23…"],"generalClassifierType":{"auto":{}},"suggestedColumnTypes":["Double","Double","Double","Double","Double","Double"],"generalRegressorType":{"auto":{}},"sampleRate":75,"predictionWindowSize":80,"iterationCount":30,"batchSize":64},"state":"trained","trainingEntity":{"progress":[{"isLast":false,"currentRowIndex":0,"count":1,"tableDone":false,"acColumnHeader":{"hasValidation":true,"elapsedTime":0.91711500000000001,"trainingAccuracy":0.41008549928665161,"iterationCount":1,"validationAccuracy":0.74065077304840088},"tableIndex":0,"percentComplete":100},{"isLast":false,"currentRowIndex":1,"count":2,"tableDone":false,"acColumnHeader":{"hasValidation":true,"elapsedTime":1.6331169999999999,"trainingAccuracy":0.70460259914398193,"iterationCount":2,"validationAccuracy":0.87761050462722778},"tableIndex":0,"percentComplete":200},{"isLast":false,"currentRowIndex":2,"count":3,"tableDone":false,"acColumnHeader":{"hasValidation":true,"elapsedTime":2.3491429999999998,"trainingAccuracy":0.77292925119400024,"iterationCount":3,"validationAccuracy":0.90966486930847168},"tableIndex":0,"percentComplete":300},{"isLast":false,"currentRowIndex":3,"count":4,"tableDone":false,"acColumnHeader":{"hasValidation":true,"elapsedTime":3.048057,"trainingAccuracy":0.85093897581100464,"iterationCount":4,"validationAccuracy":0.90966486930847168},"tableIndex":0,"percentComplete":400},{"isLast":false,"currentRowIndex":4,"count":5,"tableDone":false,"acColumnHeader":{"hasValidation":true,"elapsedTime":3.7478829999999999,"trainingAccuracy":0.92515510320663452,"iterationCount":5,"validationAccuracy":0.91063624620437622},"tableIndex":0,"percentComplete":500},{"isLast":false,"currentRowIndex":5,"count":6,"tableDone":false,"acColumnHeader":{"hasValidation":true,"elapsedTime":4.4495979999999999,"trainingAccuracy":0.94787472486495972,"iterationCount":6,"validationAccuracy":0.94414764642715454},"tableIndex":0,"percentComplete":600},{"isLast":false,"currentRowIndex":6,"count":11,"tableDone":false,"acColumnHeader":{"hasValidation":true,"elapsedTime":7.9055419999999996,"trainingAccuracy":0.99052649736404419,"iterationCount":11,"validationAccuracy":0.94414764642715454},"tableIndex":0,"percentComplete":1100},{"isLast":false,"currentRowIndex":7,"count":16,"tableDone":false,"acColumnHeader":{"hasValidation":true,"elapsedTime":11.400746,"trainingAccuracy":0.99467641115188599,"iterationCount":16,"validationAccuracy":0.94414764642715454},"tableIndex":0,"percentComplete":1600},{"isLast":false,"currentRowIndex":8,"count":21,"tableDone":false,"acColumnHeader":{"hasValidation":true,"elapsedTime":14.872510999999999,"trainingAccuracy":1,"iterationCount":21,"validationAccuracy":0.94414764642715454},"tableIndex":0,"percentComplete":2100},{"isLast":false,"currentRowIndex":9,"count":26,"tableDone":false,"acColumnHeader":{"hasValidation":true,"elapsedTime":18.343553,"trainingAccuracy":1,"iterationCount":26,"validationAccuracy":0.95968914031982422},"tableIndex":0,"percentComplete":2600},{"isLast":false,"currentRowIndex":10,"count":30,"tableDone":false,"acColumnHeader":{"hasValidation":true,"elapsedTime":21.141252000000001,"trainingAccuracy":1,"iterationCount":30,"validationAccuracy":0.95968914031982422},"tableIndex":0,"percentComplete":3000},{"isLast":true,"currentRowIndex":10,"count":30,"tableDone":true,"acColumnHeader":{"hasValidation":true,"elapsedTime":21.141252000000001,"trainingAccuracy":1,"iterationCount":30,"validationAccuracy":0.95968914031982422},"tableIndex":0,"percentComplete":3000}],"recipeTrainingResults":{"activityClassifier":{"confusionMatrix":[{"expected":"lob_betul","actual":"lob_betul","count":26257},{"expected":"lob_betul","actual":"lob_salah","count":179},{"expected":"lob_salah","actual":"lob_salah","count":21276}],"statsByLabel":{"lob_salah":{"count":21455,"precisionRecall":{"success":{"recall":0.99165695642041485,"precision":1}}},"lob_betul":{"count":26257,"precisionRecall":{"success":{"recall":1,"precision":0.99322893024663339}}}},"accuracy":0.99624832327297119}},"recipeValidationResults":{"activityClassifier":{"confusionMatrix":[{"expected":"lob_betul","actual":"lob_betul","count":1328},{"expected":"lob_salah","actual":"lob_betul","count":83},{"expected":"lob_salah","actual":"lob_salah","count":648}],"statsByLabel":{"lob_salah":{"count":648,"precisionRecall":{"success":{"recall":1,"precision":0.88645690834473323}}},"lob_betul":{"count":1411,"precisionRecall":{"success":{"recall":0.94117647058823528,"precision":1}}}},"accuracy":0.95968916949975713}},"dataResult":{"itemsCount":600,"columns":["Accelerometer X","Accelerometer Y","Accelerometer Z","Gyroscope X","Gyroscope Y","Gyroscope Z"],"dataURL":"file:\/\/\/Users\/ekirifaldi\/Documents\/Apple%20Academy%20Project\/MC3\/CreateML\/train\/","columnTypes":["Double","Double","Double","Double","Double","Double"],"classesCount":2,"dataSourceID":"D2A65C33-6947-46CF-84EB-6B59E9DAE856","analysis":{"summary":{"sampleCount":600,"classCount":2,"canUseValidation":1},"issues":[{"description":"2 classes found, including lob_salah, lob_betul","severity":"info"},{"description":"600 activity recording files found, automatically creating validation set","severity":"good"},{"description":"Smallest class is \"lob_betul\" with 300 activity recording files","severity":"warning"},{"description":"Largest class is \"lob_salah\" with 300 activity recording files","severity":"info"},{"description":"6 feature columns are selected","severity":"good"}],"classifierAnalysis":{"columns":[],"vizualizerSpec":"","labelStats":{"lob_salah":300,"lob_betul":300}}},"columnValues":["-0,08, -0,08, -0,09, -0,12, -0,15…","-0,08, -0,10, -0,17, -0,17, -0,13…","0,00, -0,01, 0,00, -0,03, -0,05…","-0,34, -0,35, -0,48, -0,53, -0,46…","0,01, -0,04, -0,05, -0,06, -0,07…","-0,03, -0,05, -0,08, -0,14, -0,23…"]},"duration":43,"analysedDataType":"choose","validationAccuracy":0.95968916949975713,"startTime":618576776.88696897,"trainingAccuracy":0.99624832327297119,"finishTime":618576820.54995298},"createdDate":"2020-08-08 18:52:27","transientEvaluationState":"none","evaluationState":"evaluated","title":"BadmintonActivityClassifier 1- 190 vs 9 - 7 copy 1","evaluationEntity":{"finishTime":618576824.65259898,"result":{"activityClassifier":{"statsByLabel":{"lob_salah":{"count":10,"precisionRecall":{"success":{"recall":1,"precision":1}}},"lob_betul":{"count":20,"precisionRecall":{"success":{"recall":1,"precision":1}}}},"accuracy":1}},"dataResult":{"itemsCount":20,"columns":["Accelerometer X","Accelerometer Y","Accelerometer Z","Gyroscope X","Gyroscope Y","Gyroscope Z"],"dataURL":"file:\/\/\/Users\/ekirifaldi\/Documents\/Apple%20Academy%20Project\/MC3\/CreateML\/test\/","columnTypes":["Double","Double","Double","Double","Double","Double"],"classesCount":2,"dataSourceID":"53E4F186-18ED-4772-B99D-A721782F81ED","analysis":{"summary":{"sampleCount":20,"classCount":2,"canUseValidation":0},"issues":[{"description":"2 classes found, including lob_betul, lob_salah","severity":"info"},{"description":"Less than 100 total activity recording files found - add more to improve model validation","severity":"warning"},{"description":"Smallest class is \"lob_salah\" with 10 activity recording files","severity":"warning"},{"description":"Largest class is \"lob_betul\" with 10 activity recording files","severity":"info"},{"description":"6 feature columns are selected","severity":"good"}],"classifierAnalysis":{"columns":[],"vizualizerSpec":"","labelStats":{"lob_salah":10,"lob_betul":10}}},"columnValues":["-0,19, -0,28, -0,34, -0,42, -0,45…","0,15, 0,14, 0,08, 0,04, 0,03…","-0,13, -0,21, -0,24, -0,20, -0,18…","-0,73, -0,74, -0,81, -0,96, -0,99…","-0,21, -0,11, 0,05, 0,32, 0,66…","0,25, 0,32, 0,34, 0,32, 0,24…"]},"analysedDataType":"none","accuracy":1,"startTime":618576822.622774,"trainedEvaluationURL":"file:\/\/\/Users\/ekirifaldi\/Documents\/Apple%20Academy%20Project\/MC3\/CreateML\/test\/","trainedEvaluationItemCount":20},"modifiedDate":"2020-08-13 19:39:27","transientState":"none","preferredFilename":"BadmintonActivityClassifier 1- 80 pws"}