{"id":"6BBFAB9B-E7AA-4AC8-9E4B-C88048D636E2","validationEntity":{"analysedDataType":"auto","dataResult":{}},"modelEntity":{"modelURL":"Models\/BadmintonActivityClassifier%201-%20190%20vs%209%20-6.mlmodel"},"version":"1.0","settingEntity":{"augmentations":[],"suggestedColumns":["Accelerometer X","Accelerometer Y","Accelerometer Z","Gyroscope X","Gyroscope Y","Gyroscope Z"],"seedType":"default","transferLearningEmbeddingType":"dynamic","featureNames":["Accelerometer X","Accelerometer Y","Accelerometer Z","Gyroscope X","Gyroscope Y","Gyroscope Z"],"algorithmType":"maxEnt","suggestedColumnValues":["-0,03, -0,03, -0,03, -0,03, -0,04…","-0,01, -0,00, 0,01, 0,03, 0,04…","-0,02, -0,03, -0,05, -0,07, -0,12…","-0,01, 0,01, 0,08, 0,17, 0,31…","-0,07, -0,07, -0,07, -0,06, -0,06…","-0,22, -0,23, -0,24, -0,26, -0,29…"],"generalClassifierType":{"auto":{}},"suggestedColumnTypes":["Double","Double","Double","Double","Double","Double"],"generalRegressorType":{"auto":{}},"sampleRate":75,"predictionWindowSize":6,"iterationCount":30,"batchSize":64},"state":"trained","trainingEntity":{"finishTime":617770571.61480999,"recipeTrainingResults":{"activityClassifier":{"confusionMatrix":[{"expected":"lob_betul","actual":"lob_betul","count":26133},{"expected":"lob_salah","actual":"lob_betul","count":17},{"expected":"lob_betul","actual":"lob_salah","count":8600},{"expected":"lob_salah","actual":"lob_salah","count":12152}],"statsByLabel":{"lob_salah":{"count":20752,"precisionRecall":{"success":{"recall":0.5855821125674634,"precision":0.99860300764236998}}},"lob_betul":{"count":26150,"precisionRecall":{"success":{"recall":0.99934990439770555,"precision":0.75239685601589268}}}},"accuracy":0.81627649140761593}},"dataResult":{"itemsCount":600,"columns":["Accelerometer X","Accelerometer Y","Accelerometer Z","Gyroscope X","Gyroscope Y","Gyroscope Z"],"dataURL":"file:\/\/\/Users\/ekirifaldi\/Documents\/Apple%20Academy%20Project\/MC3\/CreateML\/train\/","columnTypes":["Double","Double","Double","Double","Double","Double"],"classesCount":2,"dataSourceID":"D2A65C33-6947-46CF-84EB-6B59E9DAE856","analysis":{"summary":{"sampleCount":600,"classCount":2,"canUseValidation":1},"issues":[{"description":"2 classes found, including lob_betul, lob_salah","severity":"info"},{"description":"600 activity recording files found, automatically creating validation set","severity":"good"},{"description":"Smallest class is \"lob_salah\" with 300 activity recording files","severity":"warning"},{"description":"Largest class is \"lob_betul\" with 300 activity recording files","severity":"info"},{"description":"6 feature columns are selected","severity":"good"}],"classifierAnalysis":{"columns":[],"vizualizerSpec":"","labelStats":{"lob_salah":300,"lob_betul":300}}},"columnValues":["-0,03, -0,03, -0,03, -0,03, -0,04…","-0,01, -0,00, 0,01, 0,03, 0,04…","-0,02, -0,03, -0,05, -0,07, -0,12…","-0,01, 0,01, 0,08, 0,17, 0,31…","-0,07, -0,07, -0,07, -0,06, -0,06…","-0,22, -0,23, -0,24, -0,26, -0,29…"]},"analysedDataType":"choose","recipeValidationResults":{"activityClassifier":{"confusionMatrix":[{"expected":"lob_betul","actual":"lob_betul","count":1506},{"expected":"lob_salah","actual":"lob_betul","count":12},{"expected":"lob_betul","actual":"lob_salah","count":596},{"expected":"lob_salah","actual":"lob_salah","count":755}],"statsByLabel":{"lob_salah":{"count":1351,"precisionRecall":{"success":{"recall":0.55884529977794228,"precision":0.98435462842242505}}},"lob_betul":{"count":1518,"precisionRecall":{"success":{"recall":0.9920948616600791,"precision":0.71646051379638442}}}},"accuracy":0.78807947019867552}},"validationAccuracy":0.78807947019867552,"startTime":617770538.00258899,"progress":[{"isLast":false,"currentRowIndex":0,"count":1,"tableDone":false,"acColumnHeader":{"hasValidation":true,"elapsedTime":0.64715699999999998,"trainingAccuracy":0.45034328103065491,"iterationCount":1,"validationAccuracy":0.58766120672225952},"tableIndex":0,"percentComplete":100},{"isLast":false,"currentRowIndex":1,"count":2,"tableDone":false,"acColumnHeader":{"hasValidation":true,"elapsedTime":1.067696,"trainingAccuracy":0.53539294004440308,"iterationCount":2,"validationAccuracy":0.5632624626159668},"tableIndex":0,"percentComplete":200},{"isLast":false,"currentRowIndex":2,"count":3,"tableDone":false,"acColumnHeader":{"hasValidation":true,"elapsedTime":1.429095,"trainingAccuracy":0.56925076246261597,"iterationCount":3,"validationAccuracy":0.66678285598754883},"tableIndex":0,"percentComplete":300},{"isLast":false,"currentRowIndex":3,"count":4,"tableDone":false,"acColumnHeader":{"hasValidation":true,"elapsedTime":1.7831140000000001,"trainingAccuracy":0.59091293811798096,"iterationCount":4,"validationAccuracy":0.70930635929107666},"tableIndex":0,"percentComplete":400},{"isLast":false,"currentRowIndex":4,"count":5,"tableDone":false,"acColumnHeader":{"hasValidation":true,"elapsedTime":2.142226,"trainingAccuracy":0.6149631142616272,"iterationCount":5,"validationAccuracy":0.84349948167800903},"tableIndex":0,"percentComplete":500},{"isLast":false,"currentRowIndex":5,"count":6,"tableDone":false,"acColumnHeader":{"hasValidation":true,"elapsedTime":2.497071,"trainingAccuracy":0.65967333316802979,"iterationCount":6,"validationAccuracy":0.87417221069335938},"tableIndex":0,"percentComplete":600},{"isLast":false,"currentRowIndex":6,"count":11,"tableDone":false,"acColumnHeader":{"hasValidation":true,"elapsedTime":4.3031940000000004,"trainingAccuracy":0.94424545764923096,"iterationCount":11,"validationAccuracy":0.82119202613830566},"tableIndex":0,"percentComplete":1100},{"isLast":false,"currentRowIndex":7,"count":21,"tableDone":false,"acColumnHeader":{"hasValidation":true,"elapsedTime":7.8270210000000002,"trainingAccuracy":0.98029935359954834,"iterationCount":21,"validationAccuracy":0.79295921325683594},"tableIndex":0,"percentComplete":2100},{"isLast":false,"currentRowIndex":8,"count":30,"tableDone":false,"acColumnHeader":{"hasValidation":true,"elapsedTime":11.024686000000001,"trainingAccuracy":0.98381733894348145,"iterationCount":30,"validationAccuracy":0.78598815202713013},"tableIndex":0,"percentComplete":3000},{"isLast":true,"currentRowIndex":8,"count":30,"tableDone":true,"acColumnHeader":{"hasValidation":true,"elapsedTime":11.024686000000001,"trainingAccuracy":0.98381733894348145,"iterationCount":30,"validationAccuracy":0.78598815202713013},"tableIndex":0,"percentComplete":3000}],"trainingAccuracy":0.81627649140761593},"createdDate":"2020-07-30 10:53:49","transientEvaluationState":"none","evaluationState":"evaluated","title":"BadmintonActivityClassifier 1- 190 vs 9 -5 copy","evaluationEntity":{"finishTime":617770577.78465605,"result":{"activityClassifier":{"statsByLabel":{"lob_salah":{"count":117,"precisionRecall":{"success":{"recall":0.5213675213675214,"precision":1}}},"lob_betul":{"count":156,"precisionRecall":{"success":{"recall":1,"precision":0.73584905660377353}}}},"accuracy":0.79487179487179482}},"dataResult":{"itemsCount":20,"columns":["Accelerometer X","Accelerometer Y","Accelerometer Z","Gyroscope X","Gyroscope Y","Gyroscope Z"],"dataURL":"file:\/\/\/Users\/ekirifaldi\/Documents\/Apple%20Academy%20Project\/MC3\/CreateML\/test\/","columnTypes":["Double","Double","Double","Double","Double","Double"],"classesCount":2,"dataSourceID":"53E4F186-18ED-4772-B99D-A721782F81ED","analysis":{"summary":{"sampleCount":20,"classCount":2,"canUseValidation":0},"issues":[{"description":"2 classes found, including lob_betul, lob_salah","severity":"info"},{"description":"Less than 100 total activity recording files found - add more to improve model validation","severity":"warning"},{"description":"Smallest class is \"lob_salah\" with 10 activity recording files","severity":"warning"},{"description":"Largest class is \"lob_betul\" with 10 activity recording files","severity":"info"},{"description":"6 feature columns are selected","severity":"good"}],"classifierAnalysis":{"columns":[],"vizualizerSpec":"","labelStats":{"lob_salah":10,"lob_betul":10}}},"columnValues":["-0,29, -0,26, -0,23, -0,17, -0,14…","0,14, 0,15, 0,09, -0,05, -0,06…","-0,07, -0,06, -0,02, -0,05, -0,20…","-0,57, -0,91, -1,10, -0,92, -0,35…","0,44, 0,46, 0,50, 0,67, 0,85…","0,47, 0,64, 0,61, 0,54, 0,33…"]},"analysedDataType":"none","accuracy":0.79487179487179482,"startTime":617770573.67842305,"trainedEvaluationURL":"file:\/\/\/Users\/ekirifaldi\/Documents\/Apple%20Academy%20Project\/MC3\/CreateML\/test\/","trainedEvaluationItemCount":20},"modifiedDate":"2020-08-10 16:40:14","transientState":"none","preferredFilename":"BadmintonActivityClassifier 1- 190 vs 9 -6"}